-0.10894,0.0092866,-0.02088,-0.033949,0.031095,1.4955,-0.31959,-0.26224,0.10459,0.24381
-0.10926,-0.31843,-0.018141,-0.029496,0.027016,-0.2544,1.4799,0.74103,0.60261,0.04518
-0.11034,0.0094764,-0.016967,-0.027587,0.025268,-0.27376,-0.85899,0.35755,-2.2118,-1.8267
2.5879,0.010038,-3.0911,-5.0257,4.6033,-0.75884,1.3114,1.1,1.9612,0.29145
-0.11046,0.010326,-2.9002,-4.7154,4.319,1.057,-0.89703,0.032831,-1.3901,1.7735
2.5694,0.010435,-0.014702,-0.023903,0.021894,-1.1661,-0.30018,-0.58373,0.12645,-0.73815
-0.11335,0.010563,-0.011117,-0.018076,0.016556,0.34011,0.604,-1.3948,0.95702,-0.95863
-0.11575,-0.31354,-2.7715,-4.5061,4.1273,0.64016,-1.6595,1.6196,-0.15218,-1.3666
-0.11828,-0.27011,-2.6903,-4.374,4.0064,-0.061301,-0.11315,1.1446,-1.144,1.1962
2.36,0.010775,-2.6529,-4.3133,3.9508,1.7697,-0.29427,-0.68642,0.80498,-0.4294
-0.11935,0.010926,-2.6495,-4.3078,3.9457,-0.39267,-0.32071,0.031885,-1.4763,-0.99469
2.3467,0.011089,-0.010954,-0.01781,0.016313,-0.77066,0.92601,-0.56667,0.45929,0.56814
2.2371,0.011374,-2.6068,-4.2384,3.8821,-0.74885,0.99367,-1.47,0.78279,-0.14734
-0.12007,-0.26699,-0.0096124,-0.015629,0.014315,1.1529,0.1816,-0.11574,-0.29464,-0.14511
-0.12164,-0.25467,-2.4632,-4.0049,3.6682,-0.86976,0.21744,-1.9125,-0.77585,0.73234
2.1923,0.011466,-0.00849,-0.013804,0.012643,1.7857,-0.11655,0.30439,-0.23924,0.09596
-0.12238,-0.25337,-2.4146,-3.9258,3.5959,-1.3074,-0.56969,0.24795,-0.67678,-0.4216
-0.12564,0.011632,-2.3822,-3.8731,3.5476,0.47257,-1.0172,0.68253,-0.32854,-0.099352
-0.12587,-0.2429,-0.0083073,-0.013507,0.012371,-0.39116,0.76208,1.6561,0.37779,-1.0198
2.1639,-0.23985,-2.3445,-3.8119,3.4915,0.011274,-0.96224,-0.26596,-0.1125,-1.0232
2.1579,0.012168,-0.0064336,-0.01046,0.009581,-0.13272,1.7028,0.15803,0.88489,0.58553
-0.1276,-0.23701,-0.0041463,-0.0067414,0.0061748,-0.80165,-1.7455,-1.081,0.087882,0.72547
-0.13132,0.012289,0.00055165,0.00089691,-0.00082153,0.44029,0.17256,-1.1479,0.024503,-1.543
2.0998,0.012907,0.0015003,0.0024393,-0.0022343,0.48252,-0.10094,1.5019,1.6771,0.5659
2.0838,0.013088,-2.3207,-3.7731,3.456,-0.64781,1.7572,0.081875,-1.2089,0.26509
2.0722,-0.23558,-2.2744,-3.6979,3.3871,0.30136,-1.7754,-0.9383,0.24962,0.2693
2.0661,-0.22352,0.0051311,0.0083425,-0.0076413,1.0046,1.5592,-1.0385,0.24646,0.70862
2.0608,0.013516,0.010752,0.017482,-0.016012,-0.45615,-1.4589,0.77772,0.91328,0.96992
2.041,0.013526,0.012187,0.019815,-0.018149,1.3966,-1.9095,-0.1642,1.0693,-0.88442
2.0362,0.013606,0.016426,0.026707,-0.024462,0.25479,-0.42416,0.17286,0.44887,0.30969
-0.13217,-0.22326,-2.2705,-3.6915,3.3812,1.5763,1.3866,-0.76903,0.56195,0.93096
1.9873,-0.22267,0.017765,0.028883,-0.026456,1.2849,0.67001,0.79459,0.25906,1.8119
1.9618,-0.2195,-2.245,-3.6501,3.3433,0.1599,1.2606,1.0226,0.88842,1.0921
-0.13515,0.013759,0.018389,0.029899,-0.027386,-0.068701,2.2592,0.60276,0.25173,-0.71015
1.9582,-0.21556,-2.2211,-3.6113,3.3077,-1.2646,-0.50771,-0.73374,-0.4576,0.43778
1.956,0.013811,0.032507,0.052853,-0.04841,1.6953,-1.0605,0.39158,0.93624,-0.527
1.9066,-0.21321,0.034805,0.056589,-0.051833,1.001,-0.91347,-1.2781,0.15644,-0.38681
1.8932,-0.20959,0.039558,0.064316,-0.05891,-1.2261,0.21643,0.043178,-0.71223,1.0522
-0.13676,0.013931,-2.2061,-3.5868,3.2854,0.26189,-2.5185,-0.12135,-0.22579,0.8797
-0.13878,-0.20925,0.041696,0.067792,-0.062094,0.72358,-2.2709,0.25212,0.20093,-1.2212
-0.14133,0.014425,-2.1536,-3.5014,3.2071,0.43571,-0.49415,0.2526,0.43877,0.6237
1.8865,0.014645,0.046124,0.074992,-0.068689,-0.46341,0.42457,-2.5439,-1.5843,-0.61646
-0.14178,-0.20389,0.04634,0.075344,-0.069011,-1.0884,-2.1705,0.2871,-2.1842,0.22509
-0.14305,0.015821,-2.1137,-3.4366,3.1477,1.1134,0.55538,0.45234,0.79689,0.50755
-0.14403,-0.20299,-2.1114,-3.4329,3.1444,-1.1618,-0.31442,1.3371,0.82233,0.23901
-0.14468,0.016237,0.048723,0.079217,-0.072559,-0.4696,0.28809,-0.068686,0.45035,0.65962
-0.15762,-0.2011,0.048735,0.079238,-0.072577,-0.41357,-0.8707,-0.66768,0.91946,-1.2902
1.8441,-0.20018,0.052188,0.084851,-0.077719,0.36234,0.44472,1.0484,0.13477,-0.85184
-0.15817,0.016247,0.053434,0.086878,-0.079575,0.32961,-0.71657,-1.3249,-1.8162,0.76345
1.8122,0.016602,-2.0343,-3.3075,3.0295,0.47212,-0.6774,-1.4904,-0.038869,0.67698
1.7871,0.01671,-2.0291,-3.2991,3.0218,0.26319,0.56006,0.089092,0.41986,-0.043762
1.7757,0.016811,0.057386,0.093302,-0.085459,0.065512,-1.3023,-1.492,-0.12556,0.16684
-0.16438,0.017252,-2.0208,-3.2856,3.0094,-1.4316,-0.11495,-0.57791,-1.1903,-0.46718
-0.16679,-0.19952,0.058509,0.095128,-0.087132,1.6886,0.44651,1.3208,-0.54443,-0.033284
1.7706,0.017636,-2.0109,-3.2695,2.9947,-2.0864,-0.44695,-1.7924,0.4571,1.1165
-0.16851,-0.19918,-1.9556,-3.1796,2.9124,-1.8742,1.0794,-0.1418,1.5592,2.082
-0.17038,0.017801,-1.9374,-3.1499,2.8851,-0.61746,-0.98317,-0.076091,0.39474,-0.52263
-0.17104,-0.19805,0.064053,0.10414,-0.095389,1.7659,-0.43999,0.38408,0.63094,1.122
-0.1737,0.018036,-1.9345,-3.1452,2.8808,-0.55377,-0.66293,-0.08485,2.3343,0.86482
1.7568,0.018204,0.065765,0.10693,-0.097939,0.052937,0.92032,0.031435,-0.53319,-1.863
-0.1742,0.018232,0.065838,0.10704,-0.098048,-0.45739,-0.46724,0.72203,0.30156,-1.7429
1.7135,-0.19772,0.068882,0.11199,-0.10258,-1.2645,0.52238,-0.5152,-0.16596,0.79337
-0.17434,-0.19764,0.06903,0.11223,-0.1028,-0.16933,-0.38066,0.20144,-0.96088,-1.4009
-0.17732,0.019085,0.070729,0.115,-0.10533,0.34812,0.11414,1.6386,0.67933,0.084638
-0.18017,-0.19763,-1.9338,-3.1441,2.8798,-0.76351,-0.31491,0.55168,0.46732,1.2428
1.7063,0.019268,0.076073,0.12369,-0.11329,-0.79228,-1.1808,-1.6301,0.039524,0.61298
-0.1808,0.019318,0.076406,0.12423,-0.11379,0.86188,0.75749,-1.0587,0.079392,1.562
1.6809,-0.19604,-1.9085,-3.1031,2.8422,0.29598,-1.7604,1.484,0.15969,1.0964
1.6808,0.019396,-1.9034,-3.0946,2.8345,0.18973,-0.68381,0.96166,1.3492,-0.82975
1.6686,-0.19436,-1.877,-3.0518,2.7953,-0.28351,1.6707,-0.32939,-1.1866,-1.2899
1.6664,0.019883,-1.8626,-3.0284,2.7738,1.5606,0.16964,-0.27383,0.064601,-0.33485
-0.18477,-0.18996,0.077493,0.12599,-0.1154,-0.571,0.82664,-1.1725,0.87986,-1.6056
1.6461,0.01998,-1.8616,-3.0267,2.7723,-0.044974,-0.73532,1.0505,-0.11331,-0.34137
1.6276,0.020453,0.082621,0.13433,-0.12304,0.28208,-0.59465,0.88525,-0.67981,0.45292
1.6219,0.020491,-1.8557,-3.0171,2.7635,0.0036339,0.28939,1.3741,-0.12641,0.92871
1.6205,-0.18839,0.087716,0.14261,-0.13063,1.4389,0.56391,-0.64063,-0.099614,-0.81423
-0.18734,0.02062,0.089195,0.14502,-0.13283,-2.0052,0.85954,-0.89791,0.39716,-0.94648
-0.1883,-0.18473,0.09849,0.16013,-0.14667,0.043358,-0.7994,-1.7048,-1.2651,1.0506
-0.19874,0.020657,-1.8263,-2.9693,2.7197,0.58609,-1.7806,0.64259,-0.58781,-0.66469
-0.20086,-0.18282,-1.7541,-2.8519,2.6122,0.6366,0.80454,1.196,0.1249,0.9526
-0.20118,-0.18227,0.099595,0.16193,-0.14832,1.426,0.47309,-0.208,-1.3889,-0.8042
1.6109,0.020922,-1.7115,-2.7827,2.5488,-0.24456,1.7578,-0.62318,-0.49597,-1.3663
1.6003,0.021165,-1.7058,-2.7734,2.5403,-0.51452,-0.19304,1.1596,0.11087,0.24882
-0.20348,0.021927,0.10106,0.16432,-0.15051,0.78653,-0.43524,0.096177,0.16273,0.058282
-0.2101,0.02204,0.10212,0.16603,-0.15208,1.4548,-0.30737,-0.31292,0.6989,1.8303
-0.21213,-0.18214,-1.6808,-2.7328,2.5031,0.041663,0.99138,0.15084,0.69313,0.11226
1.5758,-0.18138,-1.6671,-2.7105,2.4827,-0.50799,-0.09039,1.5245,0.54845,-0.78816
-0.21266,0.022165,0.10335,0.16804,-0.15392,-1.2269,-2.4283,1.7685,-1.32,-0.61693
1.5653,0.022663,0.10413,0.16931,-0.15508,-0.14583,0.42677,-0.12362,-0.5517,-2.0691
-0.21648,0.0231,0.10913,0.17743,-0.16251,-0.52406,-0.086492,-0.7401,1.3681,-1.1904
-0.21666,0.023413,0.1097,0.17836,-0.16337,-0.89355,-0.46508,0.53675,0.067694,-0.91108
-0.22107,-0.18098,0.11753,0.19109,-0.17503,-0.59584,0.097368,0.70629,-0.18255,-0.98447
-0.22158,0.024166,0.12329,0.20045,-0.1836,0.22991,0.25003,1.2144,-0.27731,-0.39029
1.562,0.024213,0.1236,0.20096,-0.18407,-0.49587,1.4211,-0.69318,-0.49101,-0.35608
-0.22312,0.024218,0.1246,0.20258,-0.18555,1.6805,0.3709,-1.2421,-0.31147,-0.0086683
1.5497,0.024253,0.1248,0.2029,-0.18585,0.84647,1.2438,-0.42151,-0.7633,1.0077
1.5469,-0.18048,-1.6572,-2.6943,2.4679,-0.3589,0.7023,-0.56919,1.2965,-0.046888
1.5391,-0.17904,0.12728,0.20694,-0.18954,0.74051,-0.078742,-0.10353,-0.80424,-0.2679
-0.224,-0.17515,-1.5892,-2.5839,2.3667,-0.001966,0.23653,1.0932,0.022654,-0.50531
1.5362,0.024253,0.12983,0.21108,-0.19334,-0.64514,-0.64393,0.67536,-0.29773,-1.2542
1.5358,0.024579,0.13053,0.21222,-0.19438,0.72756,-0.069453,0.72131,-0.96643,-0.45171
1.5327,-0.1735,0.13149,0.21379,-0.19582,-0.0055068,-1.6657,-0.44087,1.4086,-0.42079
1.5297,-0.17304,0.13258,0.21555,-0.19744,0.11083,0.41106,1.1362,1.3705,0.38242
-0.22593,0.024598,-1.5741,-2.5592,2.3441,-0.64163,-0.50858,1.2064,0.20858,-0.12121
-0.22641,0.024704,-1.5605,-2.5372,2.3239,-0.56951,0.1641,0.7268,-1.0817,-1.0679
1.518,0.024744,-1.5536,-2.526,2.3137,-2.4701,0.52685,0.27954,-0.8402,-0.85827
-0.22799,0.025235,0.13671,0.22228,-0.2036,-0.073033,-0.13337,-0.40342,0.9084,-1.2183
-0.23038,-0.16985,-1.5531,-2.5251,2.3129,-1.3938,0.68464,-2.4126,0.24057,0.016726
1.5072,-0.16876,0.14403,0.23417,-0.21449,-1.9283,1.2186,1.8082,0.25333,-2.2055
1.5025,0.025626,0.14462,0.23514,-0.21537,0.76599,-0.99121,0.060865,-1.2514,0.49728
1.5005,0.026242,0.14991,0.24374,-0.22325,0.10658,0.14988,-0.76289,0.88578,0.65313
1.4944,-0.16834,-1.5495,-2.5194,2.3076,0.016609,-0.32696,-0.41715,-2.2892,0.93226
1.4925,0.026645,-1.5478,-2.5165,2.305,0.81347,1.2941,1.283,0.30717,2.1494
-0.23039,-0.16799,0.1505,0.24469,-0.22412,-0.51629,0.50232,-0.64591,-0.135,0.72484
-0.23356,-0.16547,0.15052,0.24472,-0.22415,-0.60394,-0.015266,-0.12949,-0.46769,-0.69974
1.4822,0.0268,-1.5365,-2.4981,2.2881,-0.10163,0.94758,-0.54952,-1.1055,1.3966
1.4689,-0.16543,-1.5316,-2.4903,2.281,0.50542,0.40407,-0.79266,-1.7983,0.16172
1.4475,0.027437,-1.5293,-2.4865,2.2775,-0.20323,0.70987,-1.5401,-0.63616,-0.17329
1.4459,-0.16492,-1.5284,-2.485,2.2762,-1.4336,1.1569,-0.0068408,0.79786,-0.13116
-0.23711,-0.1647,0.15349,0.24956,-0.22859,1.2092,-0.90534,-0.62638,0.41815,0.11319
-0.23785,0.027511,-1.5122,-2.4587,2.252,-1.1301,0.75532,-0.31713,-0.4825,-0.78128
1.4452,-0.16321,-1.5085,-2.4526,2.2465,0.93387,1.5148,0.86283,1.0332,-1.239
-0.23813,-0.16317,-1.5078,-2.4515,2.2454,-0.049129,-0.32917,1.7084,0.95401,0.15222
1.4441,0.027571,0.15449,0.25118,-0.23007,-0.17302,1.1487,-1.1884,1.6301,-0.83985
1.4293,0.028013,0.156,0.25364,-0.23232,0.28325,0.18408,-0.33281,1.4259,1.1949
-0.23861,-0.16287,0.15943,0.25922,-0.23743,-0.88824,1.2887,0.65667,1.2396,-0.92604
-0.23875,0.028086,-1.5067,-2.4496,2.2437,1.823,0.71351,0.65935,-0.081359,0.059461
1.4262,-0.16085,-1.4864,-2.4167,2.2135,0.10877,0.83807,0.43511,0.50967,1.4503
-0.24033,-0.15984,-1.4795,-2.4055,2.2033,0.87267,-1.3156,1.0751,-0.83836,0.44559
1.4212,-0.15832,0.16372,0.26618,-0.24381,-0.74776,-0.57608,1.4562,0.18197,-1.1644
-0.24045,-0.15766,-1.4686,-2.3878,2.1871,0.36327,0.34112,1.6884,-1.576,-1.9718
1.4208,0.028093,-1.4545,-2.3648,2.1661,-1.1683,-0.59936,0.51005,1.0344,0.018363
1.4206,0.02818,-1.4419,-2.3443,2.1472,-0.7472,0.068891,-1.2804,0.90047,-0.18051
-0.24139,-0.15753,0.16531,0.26877,-0.24618,-0.59483,-0.52412,1.6303,0.21018,-0.36819
1.42,0.028232,-1.4398,-2.3409,2.1441,1.2213,-1.1674,0.86596,-0.32308,1.0725
1.3958,-0.15596,0.16613,0.27011,-0.24741,0.36626,-0.69285,2.4096,-1.1211,-0.00017552
1.38,0.028289,0.16631,0.2704,-0.24768,0.88209,0.22246,0.88427,-2.0471,-0.12496
1.3614,0.028476,-1.437,-2.3364,2.14,0.48924,-1.3214,0.91275,-0.44953,-0.7447
1.3571,-0.15409,-1.4276,-2.3211,2.126,-0.95859,-2.1307,-0.72886,0.66039,0.46608
-0.24168,-0.1532,-1.4256,-2.3178,2.123,1.673,0.16451,-1.3705,-0.30011,-0.72348
-0.24347,0.028524,-1.4241,-2.3155,2.1209,0.83909,2.0238,-0.69173,0.64324,0.49992
1.3449,0.02853,0.16836,0.27373,-0.25072,-0.76631,-0.94493,-0.50806,-0.34897,0.21961
-0.24395,-0.15248,0.16876,0.27438,-0.25131,-0.51191,-0.20315,-2.0629,0.52083,0.54699
1.3325,0.028853,0.17322,0.28164,-0.25797,0.24753,-0.75099,0.008617,1.3206,-1.4557
1.3304,0.028876,-1.4171,-2.304,2.1103,-0.58957,1.0452,-1.3553,0.019581,0.60505
1.3281,-0.15238,-1.4035,-2.282,2.0902,0.31705,1.139,0.84735,1.4685,0.026165
1.3268,0.029066,-1.4031,-2.2813,2.0895,1.8434,-0.74164,0.29741,-1.4676,0.30753
1.3195,0.029439,0.18496,0.30072,-0.27544,1.1265,-0.15001,1.6512,0.76383,0.31113
-0.24396,-0.15123,-1.4018,-2.2792,2.0876,-0.21391,0.32593,-0.58693,-0.34096,-0.47349
1.3105,0.029921,-1.396,-2.2698,2.079,0.11864,1.5255,-0.32538,-2.1471,0.79617
1.3001,0.030576,0.18796,0.3056,-0.27991,-0.58099,-1.0589,-0.088435,0.22822,-1.3266
-0.24485,-0.15076,-1.3959,-2.2695,2.0788,0.12999,1.7272,-1.4459,-0.36299,-0.39303
-0.24599,-0.15031,0.18872,0.30683,-0.28104,0.61277,0.53271,0.2201,0.52875,-1.1969
1.2997,0.030649,0.18882,0.30699,-0.28119,0.070156,0.393,-0.23853,-1.2707,-0.99876
-0.24614,-0.15028,-1.3806,-2.2446,2.0559,-0.74621,0.049273,0.11852,0.090733,0.66258
-0.24705,0.030864,-1.3804,-2.2444,2.0558,0.332,-0.8496,2.4419,1.165,0.23637
1.2923,-0.14956,0.18981,0.30861,-0.28267,-0.27952,1.3015,0.88682,0.34161,-0.031172
1.2835,0.031052,0.1923,0.31265,-0.28637,-1.2453,1.457,-0.37619,0.63406,0.10546
-0.2531,-0.14842,0.19296,0.31374,-0.28737,1.0199,1.1215,-0.95431,-1.4146,1.4426
-0.25319,-0.14814,-1.378,-2.2405,2.0522,0.88294,1.1631,-0.8752,0.94555,-0.98719
-0.2544,0.031727,0.19376,0.31503,-0.28855,-0.29234,-0.5503,1.4908,-0.62853,-0.34222
1.2829,-0.14775,0.19517,0.31732,-0.29064,1.4893,0.90269,-0.25354,-1.7287,0.094702
-0.25504,0.031746,-1.3752,-2.2359,2.0479,0.088819,-1.3625,-1.124,-0.85715,-0.73776
-0.25505,0.031858,0.19941,0.32421,-0.29696,-1.3525,0.798,1.786,-0.31633,-0.63032
-0.25807,-0.14561,0.20229,0.3289,-0.30126,1.9035,0.83285,0.45776,0.67515,0.15804
-0.25823,-0.14554,0.20298,0.33001,-0.30227,-1.1781,0.99081,-0.9477,0.84436,-1.813
-0.26654,-0.1453,0.20518,0.3336,-0.30556,-0.26062,2.3036,-1.2381,-0.58892,-1.6278
1.2738,-0.14508,-1.3443,-2.1856,2.0019,1.4934,-1.3557,0.69536,0.35716,-1.3445
-0.27732,-0.1447,-1.3386,-2.1764,1.9935,0.35246,-0.071918,-0.56334,1.4593,0.60409
1.2509,0.031929,-1.3149,-2.1378,1.9582,-0.48701,-0.27437,1.8087,-0.56526,0.33932
-0.27849,0.032195,0.20591,0.33479,-0.30665,0.53696,1.9029,-1.7141,0.50964,0.90354
-0.28268,-0.14465,-1.3099,-2.1297,1.9507,1.0836,0.36304,0.059244,-0.41904,-0.81301
1.2353,0.032199,-1.3091,-2.1285,1.9496,-0.25938,-1.7117,1.7235,-0.28083,0.63565
-0.28462,-0.14374,0.2062,0.33525,-0.30707,-1.0886,-1.3704,-0.61956,1.4023,1.0535
1.2309,-0.14331,0.21086,0.34284,-0.31402,0.34587,-0.33287,-0.96228,-0.26277,1.7224
1.2152,0.032728,-1.3069,-2.1249,1.9463,0.69835,0.2583,-1.3276,1.0389,-0.64224
-0.28468,0.032812,-1.3028,-2.1182,1.9401,0.040525,0.11592,0.46044,-0.12928,-1.1479
-0.28626,0.033183,0.21391,0.3478,-0.31856,1.0632,-0.14485,1.0062,0.85342,-1.2193
1.2125,-0.14258,-1.2943,-2.1044,1.9275,0.27741,0.20707,0.19675,-1.0187,-1.7108
1.2104,-0.14247,0.21674,0.35239,-0.32277,-0.40713,0.32349,1.579,-0.093408,0.10403
1.1996,-0.14169,-1.2875,-2.0933,1.9173,0.87179,0.16447,0.4766,1.0379,-0.0041418
-0.28694,0.033224,-1.2827,-2.0856,1.9103,-0.55472,0.70804,0.3842,0.90644,0.63804
1.174,-0.14166,0.21981,0.35738,-0.32734,-0.55714,2.3411,1.4373,-2.1829,-0.59143
1.1613,-0.14085,0.21993,0.35758,-0.32752,-0.74729,-1.6851,2.2416,0.80011,0.46973
1.1598,-0.14042,0.22152,0.36017,-0.3299,-2.5415,0.80227,-1.0783,-0.072381,-1.0301
1.153,-0.13944,-1.2808,-2.0824,1.9074,-1.6108,-0.89493,0.20651,0.054594,-0.24869
-0.28889,0.033345,-1.2758,-2.0742,1.8999,0.35242,0.01696,-1.3524,-0.17902,1.4353
-0.29455,0.033614,-1.2728,-2.0694,1.8955,-0.91354,-1.5883,-0.39483,0.22283,0.55631
1.1436,-0.13924,-1.2525,-2.0365,1.8653,-1.6844,0.27664,0.4658,0.30755,-1.7326
1.1414,-0.1392,0.2289,0.37216,-0.34087,-0.88145,1.1525,0.93599,0.3408,0.5816
1.1412,0.033659,-1.2413,-2.0181,1.8485,0.20886,2.145,0.17696,-1.9061,0.023832
-0.29815,-0.13909,0.23112,0.37577,-0.34418,0.45966,0.02935,0.58081,0.16482,0.55738
-0.29841,0.033979,0.23269,0.37833,-0.34653,-1.5561,-0.48882,0.27138,-1.6084,0.63029
1.1372,-0.13862,-1.2399,-2.0159,1.8464,0.187,1.1422,-0.95754,0.88814,0.39739
1.1325,-0.13851,-1.2326,-2.0041,1.8357,2.3707,-0.13327,0.31893,0.64531,-0.26849
1.1263,-0.13818,-1.2157,-1.9766,1.8105,-0.71422,0.34593,-1.2231,0.37023,0.45692
1.1247,0.034039,0.23303,0.37887,-0.34703,0.24876,-0.9594,-2.2217,0.82971,1.2708
1.1188,-0.13751,0.23665,0.38476,-0.35242,0.080675,1.7652,-0.81631,-0.20098,0.71397
1.1089,-0.13651,-1.2011,-1.9528,1.7887,2.3614,-1.3995,-1.6095,1.4914,0.00054803
-0.30075,0.034354,-1.2007,-1.9522,1.7881,1.0608,-0.32231,0.4515,-1.1167,-1.6748
1.1072,0.034569,0.24074,0.39142,-0.35852,-1.1539,-1.7431,0.06189,-0.34554,-1.0758
1.1058,-0.13618,-1.1993,-1.9499,1.786,-0.031561,1.2594,-0.25713,0.05618,-0.98848
1.1044,-0.13543,0.24122,0.39219,-0.35922,-1.6972,0.18901,0.42399,-0.41138,1.6648
-0.30445,-0.1343,-1.1887,-1.9326,1.7702,0.82119,0.24827,-0.29,-0.12421,-0.53291
-0.30895,0.034584,-1.1873,-1.9304,1.7682,0.54741,-0.25382,-0.45226,2.399,1.0405
1.095,0.035284,-1.1828,-1.923,1.7614,0.63886,-0.47169,-0.43127,-0.53932,-1.115
1.0904,-0.13397,-1.1771,-1.9138,1.7529,-0.16731,1.1686,-0.47561,0.96032,0.086258
-0.31335,0.035404,0.24485,0.3981,-0.36464,0.5045,-1.2725,-1.2112,-0.321,0.47158
1.0844,0.036634,0.24547,0.3991,-0.36556,0.64254,-0.15681,-0.21068,-1.3255,0.70428
1.0821,-0.13393,-1.1745,-1.9096,1.7491,0.40783,0.26176,-0.70237,-0.58518,-0.51925
1.0781,-0.13386,-1.1733,-1.9076,1.7473,-2.303,-0.26785,0.098821,0.94713,0.22396
-0.31354,-0.13333,-1.167,-1.8974,1.7379,-0.75371,1.0815,-1.1877,-1.1642,0.38027
1.0748,0.037162,-1.1637,-1.8921,1.7331,-0.037031,-0.61442,0.75381,0.5004,0.39084
-0.31428,0.037233,-1.1592,-1.8847,1.7263,1.1275,1.6195,1.0593,-0.34884,-1.6969
1.0668,0.037385,-1.1546,-1.8773,1.7195,0.78623,-1.2133,-0.13232,-0.40449,0.34045
-0.31558,0.037396,0.2475,0.4024,-0.36858,-1.473,-0.11154,-0.061845,0.17119,-0.083693
1.066,-0.13331,0.25085,0.40785,-0.37357,0.62097,0.56887,-0.36824,-0.6518,-0.74779
-0.31865,0.037404,-1.1531,-1.8747,1.7172,0.10086,-0.076082,1.0885,-0.80458,0.49179
-0.3207,-0.13275,0.25201,0.40973,-0.3753,0.52987,0.33388,-0.19185,2.2427,-0.28511
1.0648,-0.13233,-1.151,-1.8714,1.7141,0.36618,-0.89073,0.3985,-2.6716,-0.202
1.0645,0.037481,0.25965,0.42215,-0.38667,-0.49118,0.42642,-1.7164,2.6306,-1.1828
-0.33079,0.037632,-1.1474,-1.8656,1.7088,-0.21635,1.0012,1.1423,0.99836,2.1066
-0.33258,0.038033,-1.147,-1.8648,1.7081,0.1417,-1.4708,-1.3152,-0.20988,0.40077
1.0622,0.038054,0.26535,0.43142,-0.39516,0.75656,0.32193,-0.3706,0.071463,-0.23875
1.0576,0.038105,-1.137,-1.8487,1.6933,-1.1415,2.5553,0.16179,-0.4565,-0.45022
1.0565,0.038167,-1.1306,-1.8382,1.6837,0.54253,-0.1181,0.98463,-0.45629,-1.5429
1.056,0.038253,0.26825,0.43615,-0.39949,0.10752,0.011152,0.85249,-0.71282,-0.38894
1.0541,0.03837,0.26966,0.43844,-0.40158,-2.2581,-0.11144,1.0215,-0.035789,-0.52122
-0.33759,0.038464,-1.1272,-1.8327,1.6787,-1.1992,0.58886,1.9254,-0.56353,-2.0222
-0.34807,0.038778,0.27098,0.44059,-0.40355,-0.10733,-0.8816,-0.15659,-0.0014044,0.18304
-0.3544,-0.13016,0.27347,0.44463,-0.40726,-0.21311,0.34107,0.80168,-0.68114,2.1095
-0.35554,-0.12986,0.27596,0.44868,-0.41096,0.83225,0.44868,0.086418,0.35938,0.30899
-0.35688,0.039277,0.27841,0.45266,-0.41462,-0.33582,1.0208,-0.5173,0.92367,0.87878
1.0534,0.040007,0.27933,0.45416,-0.41599,2.2022,-1.7547,0.25604,-0.62524,-0.46838
-0.36221,-0.12968,0.28073,0.45643,-0.41807,-1.9463,1.2586,-0.33494,0.33018,-1.1119
1.0508,0.040367,0.28315,0.46037,-0.42167,-0.76295,0.79735,1.9752,-0.12728,-0.38728
1.0483,0.040569,0.28921,0.47021,-0.43069,0.7047,0.44487,-1.4985,-2.4031,-1.0617
1.0465,0.040958,-1.1267,-1.8319,1.6779,0.32516,-0.61452,0.79255,-0.71145,1.6973
1.0427,0.041152,0.29061,0.47249,-0.43278,-0.54218,-0.5867,-0.09073,1.1771,-0.65404
1.0331,0.041205,-1.1255,-1.83,1.6762,0.57939,-0.22551,-0.92928,-0.51985,-0.4702
1.0298,0.04168,0.29487,0.47942,-0.43912,1.2007,-0.62319,0.26006,-1.4913,0.79733
-0.36513,-0.12945,0.29619,0.48156,-0.44108,0.84673,-0.91753,1.0134,-0.60168,0.42592
-0.36577,0.041787,-1.1211,-1.8228,1.6695,0.10611,-0.29459,-0.0202,0.61604,0.78188
-0.36785,-0.12885,-1.117,-1.816,1.6634,0.069367,-0.81978,-1.1779,0.46061,-0.77592
-0.36932,0.042334,-1.1124,-1.8086,1.6566,0.38197,1.3558,-1.4788,0.79503,-0.41741
-0.36984,0.042679,0.29634,0.48181,-0.44132,0.25743,-0.25325,1.0293,-0.34153,0.027758
1.0236,-0.12798,-1.1102,-1.8051,1.6534,0.29214,1.8027,-2.2899,-0.99513,-0.24345
1.0211,0.04371,0.29779,0.48416,-0.44347,-0.82797,0.028028,0.78982,0.54811,-0.1401
1.0207,0.043793,0.30006,0.48786,-0.44686,0.89318,1.491,0.45967,-0.31215,-1.9286
-0.37006,-0.12762,0.30194,0.49091,-0.44965,-0.98734,-1.3147,-0.50268,0.39954,-1.2499
-0.37145,-0.12704,-1.103,-1.7933,1.6426,-0.51929,1.1424,0.85943,-0.29128,0.80774
1.0187,-0.12675,-1.1007,-1.7896,1.6392,-0.40913,0.2923,-0.51777,1.5454,-0.099952
-0.37171,-0.12576,-1.0978,-1.7849,1.6348,1.0519,-0.54707,-1.2462,-2.1127,-0.75683
-0.37383,-0.12482,-1.0947,-1.7798,1.6302,0.12692,1.0951,0.19416,-1.501,0.21516
1.0129,-0.12384,-1.0944,-1.7793,1.6298,-0.24489,0.56392,-0.85796,0.21843,-0.19885
-0.37513,-0.12372,-1.0914,-1.7744,1.6253,-0.22109,0.42681,1.0615,1.2527,1.1477
-0.37976,-0.12281,0.30381,0.49396,-0.45244,-1.9386,0.99537,-0.64047,2.0501,-0.596
1.0098,-0.12159,0.31296,0.50883,-0.46606,-1.2924,0.20851,-0.23527,-0.023049,-1.2574
1.0059,-0.1212,-1.0887,-1.7702,1.6214,1.0182,-0.3216,0.33391,-0.01654,-0.98823
1.003,-0.12056,0.31409,0.51068,-0.46775,1.3943,0.016812,-1.1597,1.0065,0.23312
-0.38025,0.044093,-1.0804,-1.7565,1.6089,-1.5918,1.2613,-1.3861,1.3036,0.48923
0.99685,-0.12043,0.31663,0.5148,-0.47153,0.0144,1.8151,-0.45455,-0.036283,-0.25374
-0.38168,-0.1203,-1.0798,-1.7556,1.608,1.4879,-0.57255,-0.6035,1.1137,0.33658
-0.38335,0.044606,0.32533,0.52895,-0.48449,0.85981,0.28805,0.87442,-1.295,-0.64208
0.9919,-0.1199,-1.0787,-1.7539,1.6064,0.63999,-0.58483,0.15512,-0.7783,-0.33602
-0.38805,-0.11965,-1.0784,-1.7534,1.606,-1.5465,0.77302,-0.58858,0.69467,-0.13574
-0.38813,0.044691,-1.0745,-1.7469,1.6001,-2.0976,-1.3626,-0.97199,0.83369,0.1325
-0.38999,0.044971,-1.0694,-1.7386,1.5925,0.87661,-0.31913,0.37154,-1.1651,-2.5813
0.99089,-0.11955,-1.0652,-1.7318,1.5863,0.56352,0.3507,1.7528,0.16236,1.1314
-0.39085,-0.11951,-1.0597,-1.723,1.5781,-0.82667,0.68724,-1.2887,-1.4136,1.087
0.98276,-0.11926,0.32603,0.53008,-0.48552,-0.15727,0.026038,-0.78631,-1.1071,1.0774
-0.39431,-0.11878,0.32833,0.53382,-0.48895,0.088689,0.36657,-0.99897,0.37269,1.7655
-0.39502,0.04519,0.32944,0.53563,-0.49061,1.0027,0.80031,-3.465,1.1053,0.0050698
-0.39566,0.04521,0.33773,0.54911,-0.50295,1.4623,0.22363,-1.3226,2.1326,0.78718
-0.39835,-0.11858,0.34397,0.55925,-0.51224,-0.35166,-1.2289,-0.32643,-0.17251,0.14864
-0.4024,-0.11852,-1.0558,-1.7166,1.5724,0.56297,0.95586,1.2712,0.83234,-1.3127
-0.40288,-0.11596,-1.0508,-1.7085,1.5649,-0.91115,-1.3394,-1.9023,-1.315,1.1863
-0.40295,0.045333,-1.0435,-1.6967,1.5541,0.92165,0.66318,0.68622,1.2847,0.65416
0.98093,0.045338,0.34853,0.56667,-0.51904,-0.60478,-0.27425,0.62676,0.75748,-1.5089
0.96235,0.045348,-1.0415,-1.6934,1.551,0.63979,-1.2465,0.080234,0.15759,-0.14643
0.95896,-0.11532,-1.0374,-1.6866,1.5449,-1.5372,1.4536,-0.25349,0.96605,1.2448
-0.40487,-0.11391,-1.0357,-1.6839,1.5424,-0.94909,0.57821,0.89694,-0.99923,-1.4915
0.95778,0.045768,-1.0328,-1.6791,1.538,-0.54249,-0.038254,-0.77818,-0.54052,-2.7033
0.95141,-0.11375,-1.031,-1.6763,1.5354,-0.96851,-0.30903,-0.28089,-2.1674,0.77248
-0.41421,-0.11364,-1.0235,-1.664,1.5242,0.42581,-0.32614,-0.76016,-1.8257,1.0549
0.94712,-0.11265,0.34854,0.56668,-0.51905,0.22656,-0.44889,-1.2649,-0.21421,-1.8557
0.94456,-0.11209,-1.0232,-1.6636,1.5238,1.07,-1.5742,1.4351,-1.3751,-0.22367
-0.42219,-0.11175,-1.0193,-1.6573,1.518,-0.98877,0.48645,-1.1739,-0.76413,-1.6375
-0.42739,-0.11105,0.35093,0.57056,-0.52261,-0.57269,0.20847,-0.30713,-2.0589,-0.61768
0.9379,0.045816,0.3518,0.57199,-0.52391,-1.1524,-0.17079,0.38639,0.42183,0.45851
0.93735,-0.11087,0.35359,0.57489,-0.52657,-2.1088,0.61669,1.6312,-0.11617,-1.0394
-0.42799,-0.10991,0.35905,0.58378,-0.53471,-0.39223,-0.55691,-0.98646,0.73323,-0.33459
0.93496,0.046527,0.36134,0.5875,-0.53812,0.52587,2.2219,-0.51987,1.1632,2.6116
0.92396,-0.10982,0.36695,0.59662,-0.54647,-1.8449,0.10234,-1.3084,-0.78108,0.21863
0.92242,-0.10973,-1.0033,-1.6312,1.4941,0.57755,-0.19102,0.17013,0.14922,-0.88979
-0.42928,0.046627,0.3678,0.59799,-0.54773,0.19036,0.28915,-0.47972,1.2771,-0.89422
0.92138,0.046737,0.37181,0.60452,-0.55371,-0.43503,0.30026,0.57804,-1.0985,-2.3324
0.91687,-0.10891,-1.0014,-1.6281,1.4913,-0.59667,-1.4952,-0.076582,-0.69695,-2.1562
-0.42971,0.047079,0.37372,0.60763,-0.55655,0.087788,0.62354,0.77939,-0.18441,1.8471
0.91256,0.047909,0.3746,0.60905,-0.55786,-0.79447,0.36709,-1.2003,-1.3393,-0.51546
-0.43295,0.04793,0.37677,0.61259,-0.5611,-0.51576,0.4308,1.3716,-1.1887,0.69087
0.91207,0.047972,0.38145,0.6202,-0.56807,-1.0833,-0.3019,-2.9368,0.11495,0.84627
-0.43436,0.048288,0.3836,0.62368,-0.57126,0.68334,-0.39267,0.18651,0.63804,-0.01562
-0.4357,0.048684,-0.99866,-1.6237,1.4872,-2.4496,-0.36292,-0.96106,-0.5181,-0.41711
-0.43852,-0.10816,0.38482,0.62566,-0.57307,1.4625,-1.2201,-0.57768,-0.79059,1.5001
-0.4513,0.048692,-0.99387,-1.6159,1.4801,-0.53296,1.4109,-0.58487,-1.9683,-0.52371
-0.45189,0.049408,0.38786,0.63062,-0.57761,-0.84201,-0.50921,-0.71622,-0.93488,-0.6499
0.91069,-0.10714,0.38791,0.63069,-0.57768,-1.9738,0.72961,1.83,0.26451,1.4015
0.9047,-0.10635,-0.98623,-1.6035,1.4687,1.1014,-1.0613,-0.38848,1.0034,-0.56302
0.88926,0.049482,-0.98326,-1.5987,1.4643,-0.707,-0.021936,-0.0040472,0.82651,0.56717
0.88224,0.050261,-0.97927,-1.5922,1.4583,0.82325,-0.57248,1.3455,-1.0971,0.66315
0.87909,-0.10592,-0.97723,-1.5888,1.4553,-1.4357,0.0061626,1.6703,-0.34385,0.20427
0.87262,-0.10539,-0.9726,-1.5813,1.4484,-1.2173,0.95495,0.045852,-1.3265,-0.6054
0.87202,-0.10523,0.39097,0.63566,-0.58223,0.20199,-0.78961,0.22728,1.7603,1.7497
0.87197,0.050743,-0.97064,-1.5781,1.4455,0.22202,-0.03881,-0.23203,0.82493,0.42336
-0.4543,-0.10301,-0.96872,-1.575,1.4426,-0.076102,-0.25297,-0.76795,-0.94645,-0.11257
-0.45464,0.050763,0.39231,0.63784,-0.58423,-0.32511,0.87059,-2.5388,1.0213,-0.32201
0.86444,-0.103,0.4061,0.66027,-0.60477,-1.4895,0.77059,-1.1582,-1.1372,0.19017
-0.45627,-0.10233,0.41072,0.66779,-0.61166,0.53927,0.53532,0.37875,0.85798,-1.7131
0.85943,-0.10209,0.41969,0.68237,-0.62502,-1.4211,1.206,-0.3469,0.063754,0.92153
0.8507,-0.10206,-0.95355,-1.5504,1.42,-0.90765,-2.3295,0.18108,-0.779,-0.52364
0.84963,-0.10199,0.42268,0.68722,-0.62946,-0.078333,0.92478,0.59828,1.2152,1.0084
0.8481,-0.10169,0.42347,0.68852,-0.63064,0.28369,1.5386,1.4519,-1.5005,-0.07349
-0.46032,-0.10075,0.42403,0.68941,-0.63147,-1.0096,0.45334,0.037409,-0.1623,0.748
0.8457,-0.10017,-0.94948,-1.5437,1.414,0.70768,1.3873,1.356,0.67348,0.44187
-0.46113,-0.099415,-0.94657,-1.539,1.4096,0.31447,1.7596,0.36592,0.48602,-0.76311
-0.46139,0.050882,-0.94528,-1.5369,1.4077,-0.76047,0.82724,1.9422,-0.40667,0.3273
0.83495,0.051043,-0.94396,-1.5348,1.4058,-0.70669,1.439,-0.52477,-1.2407,0.68558
-0.46464,0.052,-0.94251,-1.5324,1.4036,1.8062,0.82454,1.2797,0.17168,1.2037
0.83033,0.052304,0.42455,0.69026,-0.63224,-0.68013,0.98413,-0.044938,1.3666,-0.66177
-0.46649,0.052382,0.42473,0.69055,-0.63251,-0.84881,-1.1409,0.35496,0.072152,0.59096
-0.46892,0.052453,0.4265,0.69343,-0.63514,-1.3192,-1.2676,0.48342,-0.60898,0.48575
0.82729,0.052622,-0.94143,-1.5306,1.402,-1.4389,-0.52517,-0.84261,0.39493,-0.81685
0.81908,-0.099164,-0.93644,-1.5225,1.3946,1.8221,-0.019663,-0.75651,0.014588,0.42684
-0.47269,-0.098466,0.42783,0.6956,-0.63713,-0.024586,-0.30958,2.9218,-0.7381,1.3986
0.8181,0.053105,0.42835,0.69644,-0.6379,-0.97316,-0.67325,-0.36317,-0.18922,-0.98425
0.81707,0.053216,0.43273,0.70357,-0.64443,0.11886,-0.46946,0.7841,1.178,-0.45875
0.81132,0.053773,0.4376,0.71148,-0.65168,0.74657,0.6011,-1.5581,-0.036804,-1.4291
0.80514,0.054548,0.43939,0.71439,-0.65434,-0.1267,0.38945,-0.90948,-0.94513,0.50779
0.79975,-0.098147,0.44514,0.72374,-0.6629,0.39738,-1.31,1.9487,-1.1205,0.77595
-0.47389,0.055055,0.44823,0.72876,-0.6675,0.0081505,0.48167,-1.1597,-0.40383,0.97017
0.7995,-0.098082,-0.93497,-1.5201,1.3924,1.4484,-1.3477,-0.76671,0.84822,-0.66969
0.79572,-0.096874,0.45103,0.73332,-0.67168,-2.5515,-0.0018994,-0.3639,-0.65406,1.1057
0.79479,-0.096569,-0.93441,-1.5192,1.3915,0.60553,-0.85658,0.029367,1.3374,0.34192
0.79314,0.055165,0.45766,0.7441,-0.68155,-2.4287,1.9399,0.40008,-2.8432,-1.8845
0.78469,0.055588,0.45792,0.74452,-0.68194,0.23595,0.13968,-0.48701,-1.4877,2.213
-0.4764,-0.096464,0.47225,0.76782,-0.70328,-0.010611,0.083103,0.26083,0.98614,2.417
0.78359,-0.094915,-0.93026,-1.5125,1.3854,0.828,-0.27279,-0.22802,0.51279,1.5374
-0.47811,-0.094637,-0.92161,-1.4984,1.3725,1.0686,0.63108,2.341,-0.17947,-0.54292
0.78285,-0.094338,0.47247,0.76817,-0.7036,0.24492,0.91928,-0.73364,1.2731,1.3921
-0.47958,-0.094119,0.47285,0.76879,-0.70417,0.18397,0.81588,0.82197,-0.41427,-2.8042
0.78143,-0.094109,-0.91701,-1.4909,1.3656,0.31716,-0.70143,-1.3728,-0.44077,-0.341
0.78097,0.055841,-0.91169,-1.4823,1.3577,-0.37781,1.7925,0.82984,0.81363,0.46581
0.77743,0.055845,-0.9089,-1.4778,1.3535,-1.057,0.84481,1.5209,1.0517,0.39667
0.77696,-0.093955,0.4754,0.77294,-0.70797,-1.0144,-0.16544,-1.9655,-0.15245,-0.28269
0.75992,-0.093487,-0.904,-1.4698,1.3462,2.2148,0.99678,-0.61049,1.2425,0.23249
0.75961,-0.093153,-0.90323,-1.4685,1.3451,-0.47211,-0.93588,-0.85845,0.41483,-0.50559
0.75902,-0.092988,0.47619,0.77422,-0.70914,0.083218,0.21594,-0.72601,0.44717,-1.5022
-0.48187,-0.092425,-0.89593,-1.4567,1.3342,0.84913,1.6691,0.37198,1.8083,2.7133
0.75745,-0.092357,-0.88811,-1.4439,1.3226,-0.93915,0.47454,-0.65938,-0.035117,-0.51477
0.75531,0.055891,-0.87839,-1.4282,1.3081,-1.305,-0.3517,1.1023,0.19743,-0.42598
-0.48209,-0.092326,0.47713,0.77574,-0.71054,0.35026,-0.73932,-0.13437,-0.032212,0.35554
-0.48855,0.055923,0.47791,0.77702,-0.71171,1.1383,-0.6498,0.2291,1.8088,0.9581
-0.49634,-0.092243,-0.87712,-1.4261,1.3062,0.21488,-0.3419,0.46269,-0.14873,-0.39375
-0.49686,0.056357,0.47864,0.77821,-0.7128,-0.20026,-0.31899,-1.7215,-0.99308,0.47273
0.75371,-0.091488,0.47959,0.77976,-0.71421,-1.9874,0.0043033,2.2581,0.95896,0.20579
-0.4996,-0.091403,0.48579,0.78984,-0.72345,0.32956,0.07464,0.016831,-0.35078,-0.62676
0.75105,-0.091056,0.49521,0.80515,-0.73747,0.86213,-0.13253,0.022316,0.33328,-0.25287
0.74973,-0.09096,0.49756,0.80898,-0.74098,-2.2486,-1.9066,-0.91609,-0.23566,0.041213
0.74777,-0.089854,-0.86812,-1.4114,1.2928,0.53145,0.03923,0.47464,-0.25325,-0.87338
0.73053,-0.089134,0.49803,0.80973,-0.74167,-1.3824,1.117,-0.67013,0.48427,-1.1666
-0.50145,-0.089025,-0.86396,-1.4047,1.2866,-0.41901,-3.1425,0.21395,-0.22832,-1.1975
-0.502,0.056654,-0.86353,-1.404,1.286,0.29673,0.33091,-0.36477,1.723,0.86412
0.72802,-0.088534,0.5004,0.81359,-0.74521,-0.21956,3.5866,-0.89599,-1.094,-0.20507
0.7184,-0.088157,-0.86181,-1.4012,1.2834,1.8876,-0.1444,-2.3559,1.1155,1.0069
0.71698,0.057,-0.86132,-1.4004,1.2827,-0.034771,1.2005,0.80652,-0.070861,-0.12727
-0.50568,0.057195,-0.85324,-1.3873,1.2707,0.024962,-0.7946,0.71182,1.5866,0.21198
0.71608,-0.088076,0.50096,0.81449,-0.74603,-0.94274,-1.3118,1.5538,-0.99022,0.089476
0.71446,-0.087938,0.50282,0.81752,-0.7488,0.69186,-1.0437,-0.67661,1.3401,0.39258
0.70834,-0.087878,-0.8505,-1.3828,1.2666,-0.45309,0.76614,-0.54053,-1.1897,0.85845
0.70574,-0.087677,-0.84825,-1.3791,1.2632,-0.52341,1.3378,1.6486,0.11608,0.19094
-0.50603,-0.087132,0.50563,0.82209,-0.75299,1.6586,-0.039527,-0.21372,0.64247,-0.43658
0.70266,-0.085858,0.51096,0.83075,-0.76093,-0.5136,0.61448,0.58452,0.55281,-0.21795
-0.50648,-0.085043,-0.84441,-1.3729,1.2575,-0.044057,1.725,0.82512,-0.080242,1.5381
-0.50681,-0.085036,0.52045,0.84619,-0.77506,0.37863,-0.60907,0.31138,1.1831,-0.89018
-0.50966,-0.083802,0.52116,0.84734,-0.77612,0.27925,0.78021,-0.29125,0.37457,0.35571
-0.51,0.057211,0.52285,0.85008,-0.77863,-1.4169,-2.1301,1.5175,0.29322,0.24058
-0.51648,-0.083372,-0.83782,-1.3622,1.2477,0.41447,0.14137,-0.97793,0.90505,1.688
-0.51737,0.057386,-0.83521,-1.3579,1.2438,1.3939,0.20013,-1.004,-0.772,-0.88217
-0.51819,0.057391,0.52297,0.85028,-0.77881,0.7385,-0.53089,0.32995,-1.5853,1.3599
0.70102,-0.083282,-0.83235,-1.3533,1.2395,0.0033197,-1.0676,-0.79728,0.13098,0.041712
-0.51844,0.05752,0.52969,0.86121,-0.78882,-0.2919,0.20364,-0.99618,0.82197,-0.83604
0.69122,-0.082774,-0.83151,-1.3519,1.2383,-0.85122,-0.18592,-0.45399,-0.33098,0.54234
0.68949,0.05765,0.53012,0.8619,-0.78946,0.027491,-0.67992,0.31582,0.2668,-1.1399
-0.52209,-0.082738,-0.83077,-1.3507,1.2372,0.64774,1.7143,-0.7918,0.024325,-0.089216
-0.52344,0.057664,0.53046,0.86246,-0.78997,0.42634,-0.86745,1.0177,0.076112,-0.10597
0.68605,0.057794,0.53133,0.86387,-0.79126,0.3972,0.95409,-0.53258,0.47479,0.82789
0.68508,0.058244,0.533,0.8666,-0.79376,0.17159,-0.21777,0.19759,-0.2022,0.62094
-0.52791,0.058394,0.53732,0.87362,-0.80019,-1.1049,-0.50486,0.14352,-0.34303,0.97153
-0.53137,-0.082627,-0.82853,-1.3471,1.2339,0.82584,1.9275,1.5449,0.61641,0.38421
0.68272,-0.082513,0.54556,0.88702,-0.81246,-0.25847,-2.6662,0.34368,-0.17027,0.07754
-0.53395,0.059293,0.54747,0.89012,-0.8153,0.46855,2.3724,-0.28554,-1.2901,-0.33329
-0.53755,-0.082144,-0.82437,-1.3403,1.2277,-1.3517,0.22331,0.51239,-0.20637,-0.63821
0.67797,-0.082046,0.5483,0.89146,-0.81653,0.031873,1.4407,-0.48906,0.27646,-0.059063
0.67691,0.059426,0.54945,0.89334,-0.81825,-0.36678,-1.8453,-0.62711,1.7077,-1.3346
-0.53829,0.059678,-0.82301,-1.3381,1.2256,1.5606,-1.7579,-0.58495,-0.44044,0.14951
-0.53912,0.059683,0.55661,0.90498,-0.82892,-0.72038,0.45905,-1.2749,0.3142,-0.4098
-0.54087,-0.081654,0.55771,0.90676,-0.83055,-0.48396,1.1928,0.82552,-0.1768,-1.3208
0.6704,-0.081476,0.56042,0.91118,-0.83459,0.48604,-1.7214,1.0594,-0.61336,0.10497
-0.54197,0.059711,-0.81484,-1.3248,1.2135,1.3605,0.68404,0.8786,-2.3161,1.0333
0.66919,0.060061,0.56178,0.91338,-0.83661,0.47251,-0.45934,-0.38345,0.43911,-0.791
-0.54558,0.061182,-0.80826,-1.3141,1.2037,3.0034,0.11695,0.79289,0.054023,0.73434
0.664,-0.081298,0.56486,0.91839,-0.8412,0.28781,-0.55304,-0.2754,-0.17947,-1.4907
0.66303,0.061647,0.56829,0.92397,-0.84631,-1.1166,-1.5685,-0.92726,-0.052042,1.0487
-0.54796,0.06194,0.56927,0.92557,-0.84777,1.154,1.2944,0.50877,0.37011,-0.50046
-0.55386,-0.080939,0.5694,0.92577,-0.84795,-0.22898,0.40443,1.1991,0.39933,0.033066
-0.55551,0.062202,-0.79959,-1.3,1.1908,1.4382,-1.0752,0.5627,-0.0064082,0.75829
0.66224,-0.080427,-0.79896,-1.299,1.1898,-0.26048,0.20558,-0.15245,-1.6994,0.46869
-0.55627,-0.080199,0.56964,0.92616,-0.84832,0.57886,-0.07639,-1.9094,1.7115,0.29692
-0.56431,0.062228,0.57172,0.92954,-0.85141,1.0732,-0.0081306,-0.17083,-0.56924,1.187
-0.56446,-0.079339,0.57372,0.9328,-0.8544,1.4024,1.2503,-0.93236,-0.61356,1.2958
0.65966,-0.078911,-0.79748,-1.2966,1.1876,-0.1305,2.5948,2.5744,1.275,0.4642
-0.5661,0.062501,-0.78886,-1.2826,1.1748,0.17123,-1.7954,-0.57246,-1.2989,-1.8154
-0.56639,0.062534,0.57585,0.93626,-0.85757,-0.60216,0.14906,-1.212,-0.0057611,0.87979
0.65769,0.062857,-0.7837,-1.2742,1.1671,-0.52395,-0.81256,1.1435,-1.3381,1.2831
-0.57083,-0.078831,0.58158,0.94558,-0.8661,0.78205,0.77222,-0.59197,2.3152,0.32423
0.65556,-0.078386,0.58968,0.95875,-0.87816,1.1737,-0.89673,-0.30128,0.30339,-0.23992
0.65133,0.06315,-0.77747,-1.2641,1.1578,-0.57508,-0.48451,1.5702,-1.0125,-0.60516
0.64626,0.063257,-0.77276,-1.2564,1.1508,-0.76873,-1.5981,-0.51629,1.3529,2.1063
0.6418,0.063318,-0.77121,-1.2539,1.1485,0.57618,-0.50482,0.63279,0.37635,-0.84744
-0.57514,-0.078223,-0.76691,-1.2469,1.1421,-1.1166,0.32481,1.1207,-0.0071104,-1.1688
-0.57967,0.063403,-0.76205,-1.239,1.1349,0.49691,0.66135,-1.47,-1.3869,0.43695
0.64075,-0.077096,-0.75363,-1.2253,1.1223,-0.16721,-1.0079,-1.5064,1.3838,-0.99088
0.63707,0.063951,-0.75332,-1.2248,1.1219,0.36845,0.057299,-0.52716,-0.4308,-0.66895
0.63456,0.063983,-0.7496,-1.2188,1.1163,-0.037073,0.16091,0.0047649,0.31932,-0.78821
-0.58164,-0.076722,0.59009,0.95941,-0.87877,-1.0088,0.31787,1.9937,0.51969,0.71658
-0.5821,-0.076518,0.59168,0.96199,-0.88114,-1.2515,-0.3937,0.51424,-1.169,0.017134
-0.58377,-0.076212,0.59827,0.97271,-0.89095,0.025189,0.68961,-0.38498,0.27484,0.61464
0.63237,0.064578,-0.74718,-1.2148,1.1127,0.85809,0.6839,2.2642,-1.8546,1.4378
0.63233,0.064848,-0.74628,-1.2134,1.1114,-0.54555,-0.91156,0.88614,0.68363,0.10573
0.63138,0.065325,0.59905,0.97398,-0.89211,-0.20314,-0.32623,0.4904,1.1562,-0.73653
-0.58774,0.065628,0.6004,0.97618,-0.89413,-0.34462,-0.81708,-0.8493,0.20959,-0.81521
-0.58957,0.065844,0.60219,0.97908,-0.89678,-0.63602,-0.13125,0.79919,-1.9004,-0.3583
0.62331,0.065956,0.60572,0.98482,-0.90204,-1.244,0.9533,0.66648,-0.93154,-0.84673
-0.5903,0.066711,-0.73255,-1.191,1.0909,0.086545,0.84006,-0.037046,0.33871,2.3139
-0.59116,0.066805,-0.73105,-1.1886,1.0887,1.0188,-1.391,-0.80682,-0.16281,0.42396
0.62151,0.066873,0.61424,0.99867,-0.91473,2.298,-0.041765,-0.69199,-0.6349,0.99259
0.61814,-0.075802,-0.72876,-1.1849,1.0853,-1.7571,1.2249,0.885,-1.5907,0.5332
0.61721,-0.075673,-0.72784,-1.1834,1.0839,0.36861,0.39219,0.19306,-0.63928,0.32417
-0.5921,-0.075321,-0.7271,-1.1822,1.0828,-0.8182,0.38852,1.5309,0.86077,-0.94819
0.61326,0.067098,0.61513,1.0001,-0.91607,-0.58363,0.025693,-0.59158,0.42233,-0.027863
0.6122,0.067579,-0.72663,-1.1814,1.0821,0.062949,-1.2356,0.44416,0.80448,1.2421
0.60633,-0.07398,0.61911,1.0066,-0.92199,-0.66051,-1.3882,0.034582,1.5589,-0.097579
0.60394,0.067696,-0.723,-1.1755,1.0767,-0.054811,-0.72976,1.7385,2.1672,1.2434
-0.5937,-0.073936,-0.71929,-1.1695,1.0712,0.63587,-0.11278,0.91019,1.2852,-0.60529
0.60137,0.068004,-0.71531,-1.163,1.0652,-1.4109,-0.16793,0.72237,-0.15129,-0.29665
0.59855,0.068307,-0.71319,-1.1596,1.0621,1.0529,0.09678,-1.1992,1.2764,-1.5332
0.59667,0.068565,0.62098,1.0096,-0.92477,0.164,-0.17628,1.7968,-0.42287,1.8946
0.5944,0.069103,-0.71296,-1.1592,1.0617,1.1137,-0.34725,1.5725,-0.17612,1.0014
0.59408,0.069317,-0.71129,-1.1565,1.0593,-0.24864,1.0862,-0.81994,-1.0117,-1.7968
-0.59892,-0.073381,-0.70519,-1.1466,1.0502,0.11032,-0.35247,0.3822,-0.89296,0.48635
0.5878,-0.073207,0.62223,1.0117,-0.92663,-0.47329,-1.7692,-0.1802,0.4503,0.4165
0.58688,0.069323,-0.70483,-1.146,1.0496,-1.4061,-0.12457,0.97269,-1.7304,-0.63235
-0.59936,-0.07287,-0.7004,-1.1388,1.043,1.0394,2.2672,-1.4666,0.9655,-0.6958
-0.60051,0.069446,0.62298,1.0129,-0.92775,-0.36432,-0.34897,-0.44403,0.70126,0.12107
-0.60056,-0.072654,-0.70026,-1.1385,1.0428,-1.8762,0.49732,1.1156,0.99719,-1.404
-0.60394,0.069657,-0.69833,-1.1354,1.04,-0.52285,0.67937,0.23033,-0.77029,1.1421
0.58373,0.069695,-0.69601,-1.1316,1.0365,1.3437,0.57296,0.76679,-0.15629,-0.19913
-0.60588,-0.072098,0.62344,1.0136,-0.92843,0.67363,-0.19762,1.2639,0.16099,-0.51215
-0.60997,-0.070826,-0.68144,-1.1079,1.0148,0.92643,0.39529,0.60283,-0.94815,-0.35498
0.58304,-0.070577,0.6244,1.0152,-0.92987,-0.73955,1.31,-0.67206,0.84833,1.7391
-0.61593,0.069899,-0.67558,-1.0984,1.0061,0.019394,-0.35635,1.0131,-1.0896,-0.70008
0.5829,-0.070214,0.62785,1.0208,-0.935,-0.74367,-0.77699,-0.8726,-0.49647,-0.17936
-0.62214,-0.070066,0.63238,1.0282,-0.94175,0.75884,0.062132,-1.757,-0.70079,-1.1786
0.58132,0.070152,-0.67497,-1.0974,1.0052,-0.78633,-2.3504,-0.19907,-0.9762,-0.27789
0.57656,-0.070031,-0.67393,-1.0957,1.0036,1.6022,1.8236,-1.5088,-0.87418,0.24042
0.57109,-0.069648,0.63263,1.0286,-0.94212,0.46302,-0.18212,0.99046,-0.32986,0.42209
-0.62437,-0.069139,0.63401,1.0308,-0.94417,2.3756,-0.77353,0.37379,-0.98031,0.13093
-0.62676,0.070392,-0.67365,-1.0953,1.0032,-1.0065,0.25314,-0.32148,-1.0467,0.88505
0.56881,0.070501,-0.67302,-1.0942,1.0023,-0.61561,-1.0335,0.54961,0.83005,0.27267
-0.62681,0.070744,0.63767,1.0368,-0.94962,0.17951,1.5716,1.2052,-0.34747,0.60364
-0.62891,0.071076,-0.66753,-1.0853,0.9941,1.3263,-0.43827,1.7347,0.7315,0.096196
-0.64023,-0.068489,-0.66588,-1.0826,0.99164,0.65399,0.16725,-1.9191,-0.85705,1.0499
-0.64615,-0.068028,-0.66028,-1.0735,0.9833,0.95605,-0.3568,0.16046,1.0978,2.5475
0.5679,0.071102,-0.66027,-1.0735,0.98328,-1.1023,-0.87097,0.3235,1.1049,1.9721
0.56783,-0.067901,0.65055,1.0577,-0.96881,1.478,-0.28697,0.25856,1.19,0.42353
-0.64938,0.071328,-0.65918,-1.0717,0.98165,-1.743,0.70271,-0.34976,0.44597,-1.0585
0.55735,0.071781,0.65285,1.0615,-0.97224,0.62073,0.45789,-1.1941,-1.7018,0.96772
-0.65334,-0.067431,-0.65483,-1.0647,0.97518,0.52171,1.5886,-0.25805,-0.42488,0.80169
-0.65855,-0.067402,-0.65352,-1.0625,0.97323,-0.2697,0.78339,0.035866,-1.4962,0.14587
0.55495,0.071999,-0.65142,-1.0591,0.9701,0.59477,0.79305,0.40207,-0.095471,-2.2634
-0.65903,0.072043,0.65841,1.0705,-0.98052,-0.35603,-1.4475,0.10475,-0.37552,0.37011
0.54915,-0.06721,0.65974,1.0727,-0.98249,0.25374,-0.31399,-0.63483,-0.85321,0.076151
-0.65925,0.072132,-0.65093,-1.0583,0.96937,1.9061,-0.52414,0.095553,1.2822,-1.7662
-0.66083,-0.066733,0.66214,1.0766,-0.98607,-0.81834,-0.036962,0.6198,0.75933,-1.8204
0.54644,-0.06613,0.67374,1.0954,-1.0033,0.67201,-0.46045,0.89684,1.2217,1.2494
0.54568,0.072178,0.67994,1.1055,-1.0126,-0.75384,1.2795,-0.28328,-0.15752,1.7009
-0.66397,-0.065363,0.68177,1.1085,-1.0153,1.1122,-1.6007,-0.70701,-0.23644,-0.7775
0.53945,-0.065052,-0.64825,-1.054,0.96538,0.23705,0.46757,-0.91232,-1.2075,-0.0061291
-0.66845,-0.06472,-0.64684,-1.0517,0.96328,-0.30311,-0.1176,-0.74414,-1.7793,0.77101
-0.67368,0.072293,-0.64512,-1.0489,0.96072,-0.41395,0.2927,0.87545,0.52359,-1.1756
-0.6796,0.072707,0.68195,1.1088,-1.0156,0.46765,-1.365,0.49849,0.47026,-1.4567
0.52637,0.073843,-0.64336,-1.046,0.95809,-1.371,0.094205,0.86466,0.57784,0.76148
0.52359,-0.06457,0.68319,1.1108,-1.0174,1.0852,0.7952,-0.34193,0.67358,-0.29946
0.51144,0.0742,-0.64218,-1.0441,0.95635,-0.096649,-1.0002,0.058774,0.41372,-0.39986
0.51127,-0.063217,-0.63644,-1.0348,0.94779,0.87665,0.58937,0.48193,1.4141,0.67431
-0.69119,-0.063033,0.68652,1.1162,-1.0224,1.1869,0.47381,-0.65963,0.65339,-0.32768
0.50967,-0.062628,-0.63253,-1.0284,0.94197,-0.53615,0.34331,0.74141,-0.3022,0.71039
-0.69619,-0.062531,-0.63003,-1.0243,0.93824,-2.125,0.20882,0.63814,-0.46427,0.8711
0.50844,0.074426,-0.62417,-1.0148,0.92952,-0.92925,0.4037,-1.1433,0.78345,-0.95766
-0.70088,-0.062338,-0.62283,-1.0126,0.92752,0.61956,0.097782,0.20424,2.3107,0.74105
0.50843,0.074627,-0.62129,-1.0101,0.92523,1.1956,1.1238,-0.78116,0.25651,-0.34586
0.50723,-0.062308,-0.61749,-1.004,0.91958,0.38039,-0.1592,0.51675,-1.2826,-0.77088
-0.70139,-0.062154,0.68981,1.1215,-1.0273,-0.80655,0.40499,-1.6293,0.68138,0.57181
0.50629,-0.061976,-0.61522,-1.0003,0.91619,-0.15875,-2.1406,-0.62817,0.68658,-0.11768
-0.70254,-0.061945,0.69195,1.125,-1.0305,0.96035,0.14455,-0.80113,-0.68736,-1.2508
-0.70358,0.075027,-0.61278,-0.9963,0.91256,0.1781,0.129,1.3722,-0.321,-0.41681
-0.71073,-0.061787,-0.61096,-0.99334,0.90985,0.38998,0.44019,-0.3606,0.092954,0.98127
-0.71938,-0.061631,-0.60773,-0.98809,0.90503,0.21372,-0.42399,2.0456,-0.75024,0.7983
-0.72026,-0.060871,-0.60755,-0.9878,0.90477,-0.79158,-1.4412,0.0031162,0.6559,-0.055029
0.50088,0.075085,-0.60554,-0.98454,0.90178,-0.70115,-1.4637,0.10202,-1.2696,-2.3859
-0.72293,-0.060555,-0.60505,-0.98374,0.90105,0.39574,1.7546,1.3563,-0.31049,2.1822
0.49802,-0.060452,-0.59944,-0.97461,0.89269,0.84389,-1.8031,-0.5804,0.27285,0.61523
0.49505,-0.060011,-0.59777,-0.97189,0.8902,1.1525,-2.253,-1.5447,1.8465,-1.3377
0.49288,0.076078,0.69363,1.1278,-1.033,0.47229,1.6173,0.88638,0.22428,-0.16007
-0.72627,0.07612,0.69647,1.1324,-1.0372,0.41726,0.46983,-0.47559,-0.92006,-0.23329
-0.72982,0.076422,-0.59577,-0.96864,0.88722,0.68921,0.92855,-0.68557,-0.016638,0.35671
-0.7333,-0.059455,0.69682,1.1329,-1.0377,-1.5498,-0.14958,0.43997,0.29649,0.68603
0.49137,-0.058862,-0.59145,-0.96162,0.88079,-0.54732,-1.3122,-1.103,0.52338,2.458
0.48886,-0.058292,-0.58635,-0.95332,0.87319,0.54291,-0.46345,-0.73711,0.003836,-0.81315
0.4884,0.076424,0.70201,1.1414,-1.0454,1.1785,0.42884,-0.65249,-1.1548,-1.6198
0.48787,-0.05769,0.70329,1.1435,-1.0474,-1.832,0.64917,-0.64045,0.040716,0.44424
0.48489,-0.0576,0.70474,1.1458,-1.0495,0.20331,0.1453,1.2224,-0.90747,-0.47854
-0.7344,0.076604,-0.58589,-0.95258,0.87252,0.34726,-0.76992,0.29694,0.21513,-0.12582
-0.73814,0.076657,0.70663,1.1489,-1.0523,-0.7539,-0.80693,-0.85054,0.66691,-1.5805
-0.74313,0.077121,0.70954,1.1536,-1.0567,0.10552,0.34908,1.048,0.073479,-1.2926
0.4777,0.077305,0.71551,1.1633,-1.0655,1.7987,-0.70252,0.98517,0.32631,-1.2541
0.47625,0.077338,0.71882,1.1687,-1.0705,0.3606,0.3105,1.3033,-0.35211,-0.80915
0.47444,0.077724,0.72443,1.1778,-1.0788,1.9159,-0.14688,0.70494,-0.93319,-0.79558
0.47433,-0.057039,-0.58472,-0.95068,0.87077,-0.7112,-1.4165,-0.73395,0.68661,1.2725
0.46647,0.078134,-0.57762,-0.93913,0.8602,0.99842,-1.0207,1.0459,-0.21536,0.39974
-0.74504,-0.056617,-0.57533,-0.93542,0.85679,0.98206,-1.1609,-1.7905,-1.9986,0.26945
0.46513,0.078297,-0.57456,-0.93416,0.85565,-1.5668,0.13817,-1.3549,-1.3054,-0.37055
0.46399,-0.056466,-0.5739,-0.93308,0.85465,0.40017,-1.5692,0.11743,1.7776,0.65066
-0.74602,-0.055707,0.72627,1.1808,-1.0816,-0.081835,-0.8269,0.32637,2.1108,-0.85009
-0.7473,0.07832,-0.5733,-0.93212,0.85377,-0.27753,-1.2965,0.82495,0.56702,-0.51554
-0.75327,0.078897,-0.56862,-0.9245,0.84679,0.40196,0.55848,-0.42447,-2.0202,-1.5871
-0.75723,-0.055478,0.72648,1.1812,-1.0819,0.58931,-0.10491,-0.44476,0.061945,1.0244
-0.76091,-0.05509,-0.56797,-0.92345,0.84583,0.45218,1.0953,-0.85733,-0.31967,-0.80709
-0.76293,-0.054929,0.72834,1.1842,-1.0846,-1.3797,0.22861,-0.99225,0.57727,0.43146
0.4617,0.07913,0.73353,1.1926,-1.0924,0.064002,-0.02164,-0.14586,0.94374,0.337
0.45813,-0.054767,0.73558,1.196,-1.0954,-1.6549,1.1512,0.50521,-2.3145,-1.6802
-0.76568,-0.054614,0.73889,1.2013,-1.1004,0.35289,0.20943,0.98957,0.07137,2.1463
0.45461,0.0797,0.73943,1.2022,-1.1012,-0.51059,-1.5137,-1.4264,0.42278,0.61653
-0.77309,0.079773,0.75003,1.2195,-1.117,0.41593,-0.49286,0.17915,0.30721,1.1255
0.45401,0.080003,-0.56689,-0.9217,0.84423,0.20992,-0.069462,0.013116,-0.54942,-0.0099277
0.45063,-0.053808,0.75029,1.2199,-1.1173,-1.5942,-0.80812,0.61763,0.25829,-0.85613
-0.77445,0.080087,-0.5579,-0.90707,0.83083,0.7889,-1.9518,1.2273,-0.47461,1.5042
-0.77961,-0.052811,-0.55665,-0.90505,0.82898,-1.8106,0.69352,-0.16495,-0.00084303,1.1441
-0.77993,0.080173,0.75378,1.2255,-1.1225,-0.12497,1.2435,0.62752,1.9091,-0.30004
-0.78417,0.080177,-0.55652,-0.90483,0.82878,-0.24134,-1.6014,-0.75182,0.30254,0.66657
-0.78541,-0.052633,0.75448,1.2267,-1.1236,0.15919,0.056292,-1.3993,0.40525,-0.86873
-0.78645,-0.051614,0.75919,1.2343,-1.1306,-1.421,-0.52996,-0.048617,0.13616,1.2456
0.45004,-0.051078,-0.55315,-0.89935,0.82376,-0.62503,-0.78938,0.77378,-0.35643,1.5165
0.44761,-0.050634,0.75989,1.2355,-1.1316,-0.39272,-0.30607,0.19869,-1.2025,0.12513
0.44512,-0.050548,0.78122,1.2702,-1.1634,-1.3117,-1.5699,-0.63215,-0.81864,1.2206
0.44235,0.080801,0.78906,1.2829,-1.1751,0.47438,-0.73658,0.20482,-0.21977,3.5907
0.43846,0.080975,-0.55308,-0.89924,0.82365,-0.082625,-0.51788,0.98442,-0.54501,-0.33749
-0.79457,-0.050547,0.79146,1.2868,-1.1787,-0.94458,-1.3303,-0.90121,-1.7931,0.69409
-0.79825,-0.050464,-0.54951,-0.89343,0.81833,-1.2781,0.92859,0.84617,-1.884,-0.46232
-0.79866,-0.050181,0.79196,1.2876,-1.1794,-0.12725,-0.2824,-1.9159,-1.3393,-0.9258
-0.8066,-0.050065,-0.54795,-0.8909,0.81602,-0.88546,-0.93415,1.7359,1.3031,0.86928
-0.80678,-0.049415,-0.54717,-0.88963,0.81485,-2.5202,0.27628,2.2036,0.24673,0.78759
0.43777,-0.048508,0.79233,1.2882,-1.1799,-0.84691,0.66375,-0.064245,0.58498,1.4606
-0.80766,-0.048169,0.79305,1.2894,-1.181,0.48136,0.61815,0.22814,-0.84712,-1.0443
-0.81094,0.081243,0.80457,1.3081,-1.1982,1.4171,-0.72635,1.7339,0.86439,3.052
0.437,-0.048116,0.80554,1.3097,-1.1996,0.17025,0.75053,0.077599,-1.04,0.31968
-0.81417,-0.047239,0.80763,1.3131,-1.2027,0.0058802,-0.30743,0.29703,0.51648,0.64694
-0.81931,0.081542,0.81037,1.3176,-1.2068,-1.8246,-0.10067,-1.3691,-0.44935,3.33
0.43388,0.08164,0.81303,1.3219,-1.2108,0.39134,1.2884,0.46847,-0.32145,-0.89008
-0.82478,0.081661,0.8221,1.3366,-1.2243,-0.72066,0.34324,1.0909,-0.95092,-0.056872
-0.82555,0.081664,0.82351,1.3389,-1.2264,-0.76244,0.4855,-0.60607,-1.4136,-2.7961
-0.82798,-0.046982,-0.54669,-0.88885,0.81414,-0.44316,1.3059,-0.31519,0.3065,-0.95512
0.43293,-0.046538,-0.54663,-0.88876,0.81405,-1.7377,0.51174,0.084957,0.34175,1.873
-0.82856,-0.046342,0.82559,1.3423,-1.2295,0.61285,0.84033,-0.82484,-0.1137,-1.3377
0.43146,0.082002,0.8308,1.3508,-1.2372,0.16735,-0.97984,-0.89243,-1.1843,1.771
0.43022,0.082337,-0.54549,-0.88689,0.81234,1.2004,-0.031367,-0.89888,0.92697,0.49542
0.41872,0.0827,0.83779,1.3621,-1.2477,-0.55872,-0.77974,1.4163,0.28678,0.64098
0.41391,0.083043,-0.54093,-0.87949,0.80556,1.6195,0.051149,1.962,0.5262,1.7601
-0.83036,0.08357,-0.53668,-0.87257,0.79922,-0.52359,-0.084887,0.16884,0.26111,-1.0536
0.41262,0.083627,0.83886,1.3639,-1.2492,2.4002,-0.071996,-0.20827,-0.867,-0.49476
0.41216,0.084309,0.84385,1.372,-1.2567,2.4955,0.24301,0.54638,-0.4583,0.23838
0.41185,-0.046254,-0.5339,-0.86806,0.7951,0.87637,-0.21667,-0.91064,-0.18883,-0.3973
-0.83069,-0.04623,0.84572,1.375,-1.2595,0.095358,-0.45194,0.91308,-0.47896,1.07
0.40825,-0.04609,0.84636,1.3761,-1.2604,0.58375,-1.7518,-0.37294,-0.86556,-0.13513
-0.83563,0.084338,-0.53342,-0.86728,0.79438,0.69548,0.90555,2.7352,1.3176,-1.6691
0.40251,-0.04492,0.85524,1.3905,-1.2736,-0.52349,-0.51097,-0.17576,-1.4379,0.02595
-0.83635,-0.044765,-0.533,-0.8666,0.79376,-1.0695,0.11892,0.045541,0.5525,-0.9121
-0.83647,0.084412,-0.53023,-0.86208,0.78962,-0.30971,-0.76224,0.73477,0.44209,-1.1143
-0.83806,-0.044327,-0.53015,-0.86195,0.7895,1.8072,-0.17725,-1.4063,1.3847,-0.41051
0.40188,0.084439,-0.52012,-0.84565,0.77457,-0.99547,-0.65643,-0.728,1.4002,-1.9062
0.39268,0.084608,-0.5199,-0.8453,0.77425,1.2823,0.58704,1.3596,1.0511,0.12478
0.38769,-0.043869,0.85566,1.3912,-1.2743,1.6639,-1.0422,2.9034,-1.4477,-1.6883
0.3863,0.085372,-0.51809,-0.84235,0.77155,0.90031,0.59637,0.38909,-0.96329,1.5525
0.38442,-0.04333,-0.51537,-0.83793,0.7675,-0.14215,0.94658,1.6793,0.40687,-0.21102
-0.83987,-0.043328,0.85667,1.3928,-1.2758,0.92486,1.5882,1.2589,1.2687,1.7104
-0.84681,0.085503,0.86086,1.3997,-1.282,-1.023,-0.16871,0.91173,-1.2372,0.40084
0.37938,0.085623,0.86118,1.4002,-1.2825,1.0508,-0.11115,0.33874,-0.097591,-1.1024
-0.84688,0.086071,-0.51535,-0.8379,0.76747,-0.59581,-3.0666,0.84377,0.61865,0.5114
0.37764,-0.043284,0.86235,1.4021,-1.2842,0.90549,-0.28822,1.1502,-0.15186,-0.34346
-0.86223,0.086744,0.8629,1.403,-1.285,-0.14666,-0.80863,-0.13201,1.2553,0.15894
0.37611,0.087257,-0.51395,-0.83562,0.76538,0.91808,1.1592,-0.19136,1.4865,-0.2983
0.37474,-0.043175,-0.51383,-0.83543,0.76521,-0.055611,0.065897,0.077319,-0.34065,0.18022
0.37261,-0.043132,0.86414,1.405,-1.2869,-0.91467,0.70761,-0.096036,0.017318,0.86799
-0.86745,-0.042484,0.8672,1.41,-1.2915,-1.3248,0.79184,-1.1081,-1.2963,0.87733
0.37203,0.087374,0.86835,1.4118,-1.2932,0.56102,1.0377,-1.2363,0.78662,-0.81356
0.3693,0.087967,-0.51294,-0.83398,0.76388,1.3852,-1.1924,-0.57422,-2.043,1.6769
-0.8739,0.088436,0.86908,1.413,-1.2942,0.73121,0.17417,-0.090556,-0.51271,-0.74139
-0.87716,0.088501,0.87147,1.4169,-1.2978,-0.24038,-0.64576,-1.153,0.99599,1.334
-0.87885,-0.042355,0.87193,1.4177,-1.2985,-0.22428,-0.41842,0.89364,-0.23374,-1.1065
0.36915,0.088546,0.87257,1.4187,-1.2994,-0.31232,-0.61699,-1.9646,-0.35664,0.12555
0.36891,0.088963,0.88511,1.4391,-1.3181,0.84226,0.63543,-0.42524,-0.62995,-0.4812
0.36182,-0.04233,-0.51211,-0.83263,0.76265,0.065213,-1.102,-0.82845,0.19732,0.35601
0.35976,-0.041883,0.89932,1.4622,-1.3393,-0.0020953,-0.21569,-0.12025,1.3606,1.3546
0.3529,-0.040952,-0.51143,-0.83152,0.76162,-0.69007,1.8307,0.69339,1.6485,0.42827
0.35197,0.089216,0.90408,1.4699,-1.3464,0.80596,-0.40358,2.5528,2.5589,0.44369
0.34933,0.090129,0.9073,1.4751,-1.3512,0.57037,0.66642,-0.73299,1.1228,-1.3109
-0.88011,0.090168,0.90957,1.4788,-1.3545,0.39551,0.98851,-0.701,-0.36375,-0.20022
-0.8841,0.09044,-0.50613,-0.8229,0.75373,-0.59804,-0.2273,0.30433,0.44664,-2.1428
0.34743,-0.040555,-0.49834,-0.81024,0.74214,-0.64367,-0.31958,-0.24095,1.5978,-0.95161
0.34298,0.091002,0.91188,1.4826,-1.358,0.47729,-0.69982,-0.65859,0.44958,-0.053531
0.3421,0.091068,-0.49727,-0.80851,0.74055,0.022423,-1.1998,-1.0158,2.674,0.83157
-0.88461,0.091687,-0.49709,-0.80821,0.74027,-0.8459,1.1576,0.0828,0.5891,-0.022008
0.33591,-0.039949,-0.49644,-0.80714,0.7393,1.1724,1.9774,0.76541,0.070724,0.29255
0.33582,-0.03978,-0.49468,-0.80429,0.73669,-0.40588,-1.14,1.421,0.46636,0.5909
-0.88579,0.091915,0.91366,1.4855,-1.3606,2.4684,-1.034,0.16168,0.2769,0.73926
-0.89,-0.039492,-0.49119,-0.79862,0.73149,-2.4488,-1.9125,0.46806,-1.0563,-1.2812
-0.8906,-0.0394,0.91483,1.4874,-1.3624,-2.0468,0.42872,-1.4513,1.4112,1.4536
0.33075,-0.039112,0.91587,1.4891,-1.3639,1.4424,-0.3753,-0.81874,0.2048,-0.59181
0.33064,0.092645,-0.4814,-0.78269,0.7169,-0.19266,-0.52879,-0.74496,-2.6838,0.26476
-0.89101,0.093872,0.92115,1.4977,-1.3718,0.86967,0.63565,0.49713,-0.1433,-1.6052
0.3298,-0.039045,-0.4797,-0.77992,0.71437,-0.35073,-0.93254,0.43082,-1.4212,0.098392
0.32331,0.09404,-0.4777,-0.77668,0.7114,1.314,0.59641,1.0324,0.57757,0.95946
-0.89419,-0.038572,-0.47542,-0.77298,0.70801,-1.2289,-1.8355,1.2519,0.45024,2.6762
0.32166,-0.037863,0.92766,1.5083,-1.3815,0.67965,-1.1535,0.11752,0.88176,-1.5073
0.32153,0.094255,0.93037,1.5127,-1.3855,0.40234,0.23426,-2.2511,0.10446,0.25625
-0.90069,-0.037472,0.93227,1.5158,-1.3884,-0.33895,1.4508,-2.0709,0.25011,0.5048
0.32065,-0.037465,0.93338,1.5176,-1.39,-1.8547,-0.44477,1.0663,-2.4651,1.146
-0.9037,0.094379,-0.47487,-0.77207,0.70718,-0.20069,-1.3828,0.83676,-0.24709,0.12729
0.31995,0.094667,0.93701,1.5235,-1.3954,1.7043,-1.2112,-1.0837,-1.0135,-0.20824
-0.90372,0.094738,-0.47245,-0.76814,0.70358,-0.38625,-1.0836,1.944,0.29994,0.91821
0.31988,-0.037223,-0.47071,-0.76531,0.70098,0.53146,0.47617,1.3127,0.48997,-0.37729
-0.90444,0.094952,-0.46759,-0.76025,0.69635,-0.83427,0.70189,-0.098199,0.38967,0.65748
-0.91237,-0.036966,0.94856,1.5422,-1.4126,-0.25825,1.2542,0.077935,0.31058,-0.1475
0.30799,-0.036947,-0.46629,-0.75813,0.6944,0.43252,0.7871,-1.1041,-1.4858,0.5546
-0.91677,0.095002,0.95019,1.5449,-1.415,-1.34,-0.72458,-0.054424,-0.24759,0.70401
0.30767,-0.036663,-0.46192,-0.75103,0.6879,0.21722,1.2808,-1.2331,-0.51475,-0.1344
0.3075,0.095055,0.95711,1.5561,-1.4253,-0.26534,-0.7096,0.9779,0.052412,0.68472
0.30544,-0.036525,0.95981,1.5605,-1.4294,-0.59879,0.35082,-1.3135,-1.4198,-0.1546
0.30415,-0.036334,0.96471,1.5685,-1.4367,2.1336,0.22776,-0.14262,1.13,1.1682
-0.92133,0.095091,0.96517,1.5692,-1.4373,-0.10539,0.48582,0.49981,-0.080136,-2.1067
0.30412,0.095179,-0.46132,-0.75004,0.687,0.20369,0.59847,-1.4801,-0.3152,-0.46761
-0.92152,0.095656,0.96926,1.5759,-1.4434,0.10498,-0.30413,-0.96654,-0.4667,-0.66989
-0.92777,0.09596,-0.46125,-0.74993,0.6869,-1.1342,-0.078557,-1.446,1.8802,-1.0662
0.30408,-0.03629,0.97345,1.5827,-1.4497,0.69092,-0.76511,0.39389,-0.47484,1.3697
0.30232,0.097885,0.97904,1.5918,-1.458,-0.36259,-0.71759,-1.3995,-1.4499,-0.53863
0.29783,-0.036186,0.98283,1.598,-1.4636,-2.5598,0.92717,0.12251,-0.83004,0.26717
0.2977,-0.035384,-0.46042,-0.74858,0.68566,1.329,1.3837,0.092336,-0.44543,1.0799
-0.94491,0.098111,-0.4575,-0.74384,0.68132,0.20962,-0.48111,1.1069,0.96017,0.34185
-0.95723,-0.034459,-0.45627,-0.74183,0.67948,1.0194,-0.19594,2.8286,-0.19961,0.51042
-0.95789,-0.03438,-0.45621,-0.74174,0.6794,-0.39762,-1.6761,0.2965,-0.95931,-0.54193
0.29419,0.098753,-0.45234,-0.73544,0.67362,1.1397,1.1919,-0.80513,-0.45596,0.7827
-0.96438,-0.03345,-0.45149,-0.73407,0.67237,-0.086595,0.068927,0.91924,-1.2956,0.0011383
-0.97036,-0.033342,0.98563,1.6025,-1.4678,0.57819,0.056587,-1.014,-0.13036,1.1089
-0.97451,-0.033038,0.98591,1.603,-1.4682,-0.7008,-0.90782,2.1376,-0.053738,0.88561
-0.98486,0.098935,-0.45137,-0.73388,0.67219,0.15553,-1.0426,0.18829,-0.24118,0.027205
-0.98752,0.099466,-0.45041,-0.73231,0.67076,-0.0011381,0.43056,-0.34983,-1.1985,0.75952
0.28991,0.10036,-0.44935,-0.73059,0.66918,0.49753,-0.41777,-0.44198,-0.10215,-0.03646
0.28612,-0.032943,-0.44658,-0.72608,0.66505,-1.4807,-1.522,0.48102,1.3498,-0.50696
-0.99336,0.1005,0.98774,1.6059,-1.471,-1.1618,0.49648,-0.42003,0.30546,0.92977
0.28399,-0.032789,0.98907,1.6081,-1.4729,-0.26308,1.3899,-1.5929,-0.53615,-0.54127
0.28157,-0.03233,-0.44486,-0.72329,0.66249,-1.1075,0.44447,-1.384,-0.10549,0.14163
-0.99644,0.10093,-0.43925,-0.71416,0.65413,-0.37549,-0.026158,-0.14219,0.78509,1.3251
-1.0052,-0.032109,0.99066,1.6107,-1.4753,-1.49,-0.11412,0.1851,0.59828,-2.192
0.27986,0.10117,-0.43725,-0.71092,0.65116,-0.27829,1.8672,-0.11722,2.5455,0.64894
0.27637,-0.031743,1,1.6259,-1.4893,-0.14506,-0.42957,-0.86022,-0.55529,-0.59603
-1.0189,0.10121,1.0003,1.6264,-1.4897,0.099932,-1.308,-1.2763,-0.941,0.9514
0.27552,-0.031602,1.0023,1.6296,-1.4926,-0.795,-0.52474,0.16886,0.67575,0.23898
-1.024,-0.031337,-0.42867,-0.69697,0.63838,0.6749,-1.1438,1.0995,-0.48125,0.87032
-1.0294,-0.031242,1.0026,1.6301,-1.4931,-0.13093,-0.3552,0.48909,-0.74594,1.2932
0.2721,0.10139,-0.428,-0.69588,0.63738,0.23952,-0.66385,0.9074,-0.784,-0.98856
0.26959,0.10145,1.0053,1.6345,-1.4971,0.92236,-2.7129,0.015559,-0.14298,1.171
0.2692,-0.030919,-0.42763,-0.69527,0.63683,0.45003,-1.8613,0.11556,0.54313,-1.0017
0.26661,0.10154,1.0074,1.6378,-1.5002,-0.78693,0.37489,-0.73029,-0.48875,-0.077199
-1.0425,0.10172,-0.42535,-0.69156,0.63343,-0.35726,0.20529,0.80279,0.58663,0.47781
-1.0478,0.10235,-0.41432,-0.67363,0.61701,0.10703,0.59096,0.33418,0.50739,0.71623
0.26642,-0.030213,-0.41298,-0.67146,0.61502,0.55903,-0.93398,-1.5438,0.36045,-0.25844
0.26401,-0.030049,-0.40604,-0.66016,0.60468,-0.93387,-0.88452,-2.3168,0.27578,-0.97096
0.26341,-0.02948,-0.40585,-0.65986,0.6044,0.55942,2.7423,0.53992,-1.4335,-0.88687
0.26286,0.10248,-0.40112,-0.65216,0.59735,1.8929,-0.271,-0.9328,0.10547,-1.0102
-1.0485,-0.029067,1.0104,1.6429,-1.5048,-0.93097,-0.49327,1.2241,-1.1309,-0.1494
0.25932,0.10278,-0.39565,-0.64327,0.5892,-1.3611,-0.32784,0.248,0.028628,-1.2903
0.25742,0.10289,1.011,1.6437,-1.5055,-0.91738,0.38057,1.0167,-1.957,0.89185
0.25262,-0.027755,1.0132,1.6474,-1.5089,1.9593,0.83227,-0.6657,0.86734,1.9602
-1.0533,-0.027661,1.02,1.6584,-1.519,1.2232,0.27425,2.336,-0.051088,1.6759
0.25252,-0.027285,1.024,1.6649,-1.5249,0.13472,0.50922,0.34849,-0.57132,-0.90337
0.25065,-0.026907,-0.39528,-0.64268,0.58866,-0.15705,0.89005,-1.8864,0.31482,0.49463
0.24952,-0.025988,1.024,1.665,-1.525,-0.4234,-1.4128,0.46256,1.2376,-0.78556
0.24917,0.10347,1.0247,1.666,-1.5259,-0.48307,0.65194,0.33553,-0.26213,0.39573
-1.0556,-0.025281,1.0279,1.6712,-1.5308,-0.48374,-0.8268,0.52651,-1.7094,0.037039
-1.0706,-0.024736,1.0285,1.6722,-1.5317,0.56044,0.56947,0.41421,0.36755,-0.72501
-1.0779,0.10372,-0.39498,-0.64218,0.58821,0.2933,0.11619,0.35582,-1.1801,-0.99601
-1.0809,-0.024736,1.0383,1.6881,-1.5462,-0.55899,0.83923,-0.031541,-1.3906,-0.96522
-1.082,0.10487,-0.39496,-0.64215,0.58818,0.5768,2.2639,-0.0021874,0.81293,-0.19658
0.2448,-0.024732,-0.39256,-0.63825,0.5846,-1.5916,0.28944,-0.24191,-0.64851,0.25617
-1.0843,0.10525,-0.3904,-0.63475,0.58139,0.020898,0.20083,-1.0551,0.9559,1.198
0.24416,-0.02464,1.0532,1.7124,-1.5684,1.1927,0.02752,-1.8639,-1.0373,-0.88497
0.2407,0.10565,-0.38907,-0.63257,0.5794,1.0734,-0.2234,-0.24017,0.80029,0.5006
0.23814,0.10639,1.0674,1.7355,-1.5896,-0.44006,0.88751,0.19277,0.28383,0.56908
0.2342,-0.023814,1.0763,1.75,-1.6029,-0.11908,-1.371,-1.0133,0.86014,-1.0107
0.23229,0.10656,-0.38879,-0.63212,0.57899,0.79398,-0.46481,-1.1919,0.37558,0.82974
-1.0866,-0.023751,-0.38721,-0.62956,0.57664,1.4504,-0.12399,-0.8103,0.34225,0.79803
0.23097,-0.023537,1.0838,1.7622,-1.614,-0.68893,-0.75908,0.85888,1.095,0.56908
-1.0912,0.10661,1.0852,1.7644,-1.6161,0.48819,-0.61342,-0.35693,1.2086,0.22742
0.22948,0.1074,1.0951,1.7806,-1.6309,-0.53739,0.99889,1.7803,-0.39495,1.082
-1.0914,0.10817,-0.38527,-0.6264,0.57375,-0.044025,-0.096115,1.9917,-1.624,-0.19828
-1.0992,-0.022925,-0.38367,-0.6238,0.57137,-0.18462,0.55719,0.15963,1.2659,-0.56358
0.22882,0.10864,-0.37859,-0.61554,0.5638,-0.035071,-0.29682,0.07534,0.69336,-0.76777
0.22715,0.10943,-0.37728,-0.61341,0.56185,0.17145,-0.37143,-0.040824,0.54676,1.7546
-1.0998,-0.022823,-0.37222,-0.60518,0.55431,0.51359,-0.083757,-1.2556,-1.0681,0.0016441
0.22289,0.10989,1.114,1.8112,-1.659,-1.1164,0.17082,-0.24154,1.2293,-1.8375
-1.1056,-0.02271,1.1142,1.8116,-1.6593,0.6827,-0.0742,-0.34499,-0.77797,2.2519
0.22156,0.10994,-0.35826,-0.58249,0.53353,1.1273,-0.92893,0.50366,-0.86027,3.1105
0.22086,0.11007,1.1224,1.8248,-1.6714,-0.62138,-0.4259,-1.7235,0.57946,0.27558
0.22025,-0.02228,1.124,1.8276,-1.6739,-0.16316,0.60501,2.6601,2.1106,0.22917
-1.1084,-0.022257,1.1258,1.8304,-1.6766,1.3423,-0.65742,0.4441,1.5023,-0.8767
0.21731,-0.022175,-0.35717,-0.58071,0.5319,-0.18398,0.7378,-0.052012,1.9318,1.5868
0.21405,-0.022029,1.1304,1.8378,-1.6834,0.54056,-0.91839,1.3673,1.0677,1.1706
0.21391,0.11033,-0.35603,-0.57885,0.5302,-0.44487,-2.1011,0.65777,1.5992,0.75712
-1.1138,-0.021988,1.1319,1.8404,-1.6857,1.2861,0.99195,0.99519,0.77353,-0.5461
-1.1152,-0.021766,-0.3552,-0.57751,0.52897,1.3625,-1.5067,-0.52982,-1.926,-0.04251
0.21296,-0.021247,1.1425,1.8575,-1.7014,0.12922,0.60931,-0.10761,0.51276,0.12014
-1.1175,-0.021141,-0.35368,-0.57504,0.52671,-0.97046,1.1457,0.11489,0.84955,-0.21145
-1.1334,0.11097,-0.35328,-0.57439,0.52611,-0.70003,0.29237,-0.89899,0.95463,0.10902
-1.1356,-0.020732,1.1513,1.8719,-1.7146,-0.083395,-0.17495,-1.0286,0.64453,-0.44367
-1.1485,-0.02051,-0.35023,-0.56943,0.52157,-0.54822,0.40634,0.80862,-0.64237,-0.43965
0.21158,-0.02042,-0.34932,-0.56794,0.52021,0.64717,-0.077077,0.16814,-2.1521,-1.1869
-1.1539,-0.019918,-0.3457,-0.56206,0.51481,-0.84046,-1.1737,0.22865,0.060579,0.46106
0.2067,-0.019638,-0.34153,-0.55528,0.50861,-0.61213,0.10651,-0.83067,-1.4719,1.0694
-1.1542,0.1113,-0.33748,-0.54871,0.50259,-1.6814,-2.6339,0.18722,1.0596,0.11965
-1.1558,-0.018894,1.1634,1.8916,-1.7326,0.25397,-0.76309,-0.51124,1.5042,-0.439
0.20553,0.11133,-0.33684,-0.54767,0.50163,0.37301,0.035036,-0.15339,0.027306,-0.68697
0.2046,-0.018796,-0.33168,-0.53927,0.49394,1.4188,-0.72937,0.13268,1.2399,0.31786
-1.1575,0.11145,1.1716,1.9049,-1.7448,-0.8989,0.024218,-1.5609,1.2002,-0.024192
-1.1606,-0.018735,-0.33167,-0.53925,0.49392,0.99776,0.3019,-1.9213,-0.455,-1.3453
0.20167,-0.018601,-0.31976,-0.51989,0.47619,1.9726,-0.25596,0.41827,-0.25809,0.3355
-1.1615,-0.018384,-0.31784,-0.51676,0.47332,0.7926,1.094,1.162,0.013352,-1.897
0.20141,-0.018249,1.172,1.9055,-1.7453,1.9455,-0.38528,0.89777,1.2139,-1.2042
0.20083,0.11207,1.1772,1.914,-1.7532,0.95053,-0.16986,-0.90917,0.17193,0.629
-1.1683,0.1125,-0.31612,-0.51397,0.47077,-1.1962,-2.6547,1.3388,0.40788,0.64538
-1.1704,-0.018142,-0.30922,-0.50275,0.46049,-1.3183,0.58693,-0.50008,-0.99185,0.76063
0.20004,-0.017839,1.1789,1.9167,-1.7556,1.9251,-0.81618,0.072353,-0.22636,-0.43915
-1.1731,-0.017798,-0.30753,-0.5,0.45798,1.9656,2.308,-0.30819,-0.65776,-0.31073
0.19879,-0.017771,1.1887,1.9326,-1.7702,2.3351,-1.4934,1.9425,-1.1259,-0.028428
0.1984,0.1127,1.1947,1.9425,-1.7792,-1.3288,0.40914,1.7301,-0.44447,1.1029
-1.1802,0.11329,-0.30225,-0.49141,0.45011,-0.36249,-0.15955,-1.7525,1.3558,-0.065566
0.19356,0.11338,1.2038,1.9572,-1.7927,-1.2609,0.27816,0.80158,0.94456,0.21446
-1.1826,0.11415,-0.30081,-0.48908,0.44797,0.76069,-1.2503,-0.082092,-1.1015,0.66163
-1.1847,0.11419,1.2088,1.9653,-1.8001,-0.2197,-0.61604,-0.025231,1.6854,-0.0387
-1.1864,-0.017706,-0.30051,-0.4886,0.44753,0.11424,-0.24852,0.87053,1.4269,0.25386
0.19026,-0.017475,1.2381,2.013,-1.8438,0.50705,-2.1733,-1.1598,-1.1196,-0.083425
-1.1866,-0.017371,1.2393,2.0149,-1.8456,0.50205,0.82931,0.039024,0.20989,2.1323
0.18932,0.11606,1.2407,2.0172,-1.8476,-0.14309,-0.018028,1.4545,1.7567,-1.0423
0.18915,-0.01733,-0.30039,-0.4884,0.44735,-0.32563,-1.8069,0.63157,0.55926,0.15852
-1.1969,-0.016982,-0.29974,-0.48734,0.44638,-1.17,0.63505,0.43394,-0.76938,0.60501
-1.197,-0.016203,1.2438,2.0222,-1.8522,-0.27271,0.25798,0.30657,0.96231,1.5178
-1.1984,-0.015886,1.251,2.0339,-1.863,0.32274,-0.27234,-0.40298,-0.39656,2.0762
-1.202,-0.015809,1.2529,2.0371,-1.8658,-2.0574,0.70691,0.37,-0.2648,0.18041
0.18613,-0.015538,1.2538,2.0386,-1.8672,0.5999,0.45356,1.0279,-0.80419,-1.1931
0.18481,-0.015468,1.2737,2.0708,-1.8967,1.1693,-0.2349,0.94578,0.029224,-0.75335
-1.2039,-0.015132,1.2742,2.0716,-1.8975,0.079851,0.038828,1.0064,-7.3876e-05,1.4506
0.18285,-0.015125,-0.29666,-0.48233,0.44179,0.26676,-1.3373,0.50884,0.43762,-2.0983
0.18199,0.1162,-0.29655,-0.48215,0.44162,0.2724,-1.4131,0.14241,0.32566,-0.45702
-1.2064,0.11637,-0.29322,-0.47674,0.43667,0.077218,0.80602,1.384,-0.49598,-0.53071
0.18185,-0.014543,1.2783,2.0783,-1.9036,2.0769,1.9208,1.3598,-0.67885,2.0288
0.18074,0.1166,-0.29237,-0.47535,0.43539,0.45716,-0.50836,-0.12384,-0.28951,1.3248
-1.2086,0.11672,-0.28931,-0.47039,0.43085,-0.65182,-0.43715,-0.59756,0.017849,1.1713
0.18027,-0.014266,1.2814,2.0835,-1.9083,-1.036,0.31156,-1.4568,0.33214,0.42592
0.17898,0.1168,1.2867,2.0921,-1.9162,-0.86651,-1.0371,-0.68585,-0.098435,-1.098
0.17745,-0.014173,1.2869,2.0923,-1.9164,-1.5617,-0.28893,0.047134,-0.1676,0.30183
-1.2112,-0.014106,-0.286,-0.46501,0.42592,-0.76763,0.061166,0.87913,-0.58121,1.076
-1.215,-0.013854,-0.2854,-0.46402,0.42502,0.37587,-1.0603,-1.0953,-1.132,-0.10392
0.17699,0.11693,-0.28225,-0.4589,0.42033,0.74525,0.7943,1.0655,0.14771,0.97075
-1.2187,-0.013748,1.2937,2.1033,-1.9265,0.11947,-0.80488,0.10335,-1.926,-0.70014
-1.2215,0.11746,1.3084,2.1273,-1.9485,-0.51925,-0.99672,-1.1372,0.021889,-0.61269
0.1704,-0.013632,1.3209,2.1476,-1.9671,-0.86217,-0.83436,0.97936,-0.03029,-1.1304
0.16945,0.11768,1.336,2.1721,-1.9896,-0.78214,-2.0145,1.6117,-1.3535,0.81971
-1.224,-0.013354,-0.28071,-0.4564,0.41804,-0.27297,1.8343,-2.3948,0.51203,-0.85134
0.16678,0.11788,1.3385,2.1763,-1.9934,0.39183,0.0051639,1.182,0.084386,0.2069
0.16253,0.11813,-0.28068,-0.45635,0.41799,-1.1414,-0.067376,-0.030781,0.086531,1.6648
0.15992,-0.012752,1.3453,2.1873,-2.0035,-0.73553,1.7206,-0.88052,-0.99822,-0.41508
-1.2269,0.1192,1.3551,2.2032,-2.018,0.90251,-0.75953,1.4551,-2.1759,-1.1276
-1.2292,0.11922,-0.2796,-0.4546,0.41639,2.5514,0.50013,0.2797,-0.59119,1.306
-1.2337,0.11979,-0.27375,-0.44508,0.40767,-0.32081,-0.086683,-1.668,2.2716,0.16857
0.15641,-0.011627,-0.27358,-0.44481,0.40742,0.61233,0.68078,0.59834,0.0030348,-0.016254
-1.2433,0.12,-0.26751,-0.43494,0.39838,0.65688,0.18032,-0.63124,1.3705,1.3231
0.15484,-0.011273,1.3666,2.2219,-2.0351,-0.87333,-1.4182,-0.7639,1.1389,-0.69511
0.15133,0.12041,1.381,2.2453,-2.0566,0.78289,-0.36503,0.74155,-1.1675,0.38857
-1.2451,0.12047,1.385,2.2519,-2.0626,0.81468,-1.82,-0.83256,-0.12608,0.62934
0.14501,0.12048,1.3869,2.2549,-2.0653,2.3219,-1.7038,-0.47813,-0.85201,0.67705
0.1389,-0.011251,-0.26391,-0.42908,0.39301,-0.83436,-0.51013,1.6405,-1.2948,0.14631
0.13838,0.12153,1.3944,2.2671,-2.0766,-1.4756,0.12001,1.196,2.0373,0.16672
0.13371,-0.010912,-0.26174,-0.42556,0.38979,-0.89839,-1.501,0.73754,-0.079592,0.36953
-1.2459,0.12202,-0.25184,-0.40945,0.37504,-0.2486,-0.65072,-1.2103,0.58894,-0.37835
0.1315,-0.010378,1.4145,2.2997,-2.1064,-0.52746,-1.0943,0.56879,-0.42824,0.95274
0.13075,-0.010214,1.418,2.3055,-2.1117,-0.39432,1.4359,-0.4017,0.051449,0.38233
0.11177,0.1228,1.4191,2.3072,-2.1133,-0.17516,0.34985,0.68039,-0.47137,0.057788
-1.2558,-0.010174,-0.25149,-0.40888,0.37452,0.39469,0.15708,1.6782,1.0883,0.49437
-1.2621,-0.010137,-0.24779,-0.40288,0.36902,0.33574,-1.0923,0.47979,-1.2651,-0.50679
0.11129,-0.010061,-0.24558,-0.39928,0.36572,1.949,0.22666,-1.8761,1.3965,0.12608
-1.2764,0.12372,-0.24324,-0.39548,0.36224,1.223,-0.06038,0.46554,1.3295,-0.38879
0.11118,0.12606,1.4436,2.3471,-2.1498,-0.87104,-0.52809,-0.074822,0.88115,0.24206
-1.291,0.12661,-0.23977,-0.38984,0.35707,-0.5045,-0.33522,0.17298,1.3937,-0.046114
0.10976,0.12691,1.4582,2.3709,-2.1716,-0.18889,0.36782,-0.019558,-1.5335,-1.4753
-1.296,0.12773,1.466,2.3835,-2.1832,-0.44135,-0.93606,1.322,-0.27112,0.36533
-1.301,0.12776,1.468,2.3868,-2.1862,1.6073,-1.0382,-0.88047,-0.95611,-0.86812
-1.3121,-0.010003,1.4706,2.391,-2.1901,0.97309,0.081287,1.6926,0.97135,1.1099
0.10916,-0.0099433,1.4945,2.4299,-2.2257,0.88618,-1.571,-1.5527,-1.4399,1.0932
-1.313,-0.00975,-0.23897,-0.38853,0.35588,-0.10145,1.1707,0.28293,0.71913,-1.1706
0.10909,0.12972,-0.23819,-0.38726,0.35471,-1.7359,0.24694,-0.90128,0.69782,-0.54611
0.10366,-0.0094288,1.5013,2.441,-2.2358,-0.60158,0.12988,-0.87218,-2.0524,-2.014
-1.3146,0.12988,-0.23479,-0.38174,0.34966,-1.0294,1.0716,-0.82516,1.0556,-0.10496
0.10281,-0.0092431,-0.23127,-0.37602,0.34441,1.4865,-0.31974,-0.7804,-1.9621,-0.32386
0.10184,0.13099,-0.22861,-0.37169,0.34045,-0.081422,0.15782,-0.74743,-0.10738,2.2739
-1.3187,-0.0088161,-0.22722,-0.36942,0.33837,0.065044,-1.1169,-0.23956,1.472,-1.0514
0.09911,0.13104,-0.2255,-0.36664,0.33582,0.78481,-1.9338,1.3119,1.3375,-0.81646
0.098645,-0.0087067,1.505,2.4469,-2.2412,-0.39552,-0.37244,0.43699,-1.2277,0.84537
-1.3195,0.13114,-0.22053,-0.35856,0.32842,-1.0832,-0.24011,-0.50716,0.017136,-1.5229
0.088173,-0.0086254,-0.2182,-0.35476,0.32494,0.97656,-0.92139,0.5874,0.95504,1.0071
-1.335,-0.0085668,1.5112,2.457,-2.2505,0.29217,0.72758,-0.17637,-1.4345,1.0731
0.087091,0.13127,1.5181,2.4683,-2.2608,0.10101,0.24208,0.63386,-2.6339,-1.0395
0.08616,-0.008333,1.5207,2.4724,-2.2646,1.2515,-0.45786,-0.30705,-1.9126,0.33414
0.08588,0.13134,-0.21449,-0.34874,0.31943,-1.0375,0.46493,0.19588,0.63249,0.93297
0.083963,-0.0082569,-0.2142,-0.34826,0.31898,1.7293,0.25634,0.91957,0.46669,-0.95344
0.081598,-0.0079699,1.5253,2.48,-2.2715,-0.6755,-0.10171,-0.64123,-1.4748,0.47773
0.077127,-0.007873,1.5347,2.4953,-2.2856,-0.59345,0.3784,-0.053583,1.2061,-0.80115
-1.3443,-0.0077857,-0.2102,-0.34175,0.31303,-1.3456,1.8911,0.75593,-0.76711,-0.096892
-1.3446,0.13229,1.5403,2.5043,-2.2938,1.0394,-2.0913,-1.8967,0.26962,0.029986
-1.347,0.13334,-0.20838,-0.33881,0.31033,-0.29899,-1.7358,0.62356,0.95915,-0.44279
-1.3585,0.13396,1.5505,2.5209,-2.3091,-0.51025,-1.0662,1.1193,-1.7569,-0.57896
-1.3645,0.13413,1.5591,2.5348,-2.3218,-0.49232,0.32722,-0.79927,-0.45794,-0.20016
-1.371,0.13425,1.5753,2.5612,-2.3459,0.7724,-1.3214,0.55722,0.27707,-0.47976
0.075478,-0.0077402,1.5915,2.5876,-2.3701,0.70649,-0.39157,0.17164,-1.5235,-0.6516
0.07116,0.13466,1.5953,2.5938,-2.3758,-0.89525,-0.22414,-0.29421,-1.6721,0.99314
0.069468,0.13478,-0.2061,-0.33509,0.30693,-0.57448,0.41804,-0.32481,-0.15626,1.6322
-1.3748,0.13669,-0.20462,-0.33269,0.30472,-1.0902,-1.6084,-0.68821,-1.0065,-1.1745
0.069115,0.13734,-0.19709,-0.32044,0.29351,0.59059,2.1123,-0.19774,-0.1571,-1.3476
0.067387,-0.0076016,-0.1907,-0.31006,0.284,-0.56369,-2.0677,1.4053,0.65232,0.10016
-1.375,0.13854,1.5994,2.6004,-2.3819,-0.59508,1.0294,-0.784,-0.85264,-0.08356
0.067051,0.13878,1.604,2.6079,-2.3887,-0.050703,0.2635,-0.6319,-1.1817,0.17449
0.066808,0.13896,1.6246,2.6414,-2.4194,0.54099,-1.4787,0.40713,-0.77547,0.56425
0.066285,0.13997,1.6254,2.6427,-2.4205,0.4689,-0.50077,-0.91874,0.50269,-0.78848
0.062803,0.1402,-0.18836,-0.30625,0.28051,1.3001,1.1038,1.1607,0.015586,-0.37894
-1.4109,-0.007571,-0.18678,-0.30367,0.27815,-1.1588,-0.24853,0.85802,1.1536,0.043289
0.05938,-0.0066984,-0.18227,-0.29634,0.27143,-1.015,-1.2089,-0.15507,1.9773,1.5095
-1.4111,0.14047,-0.1812,-0.2946,0.26984,1.1652,0.12563,0.62116,-1.9163,-1.1416
-1.4126,0.14048,-0.17936,-0.29162,0.26711,-3.6014,0.70571,-0.36808,0.30819,-0.74531
0.058296,0.14052,-0.17786,-0.28918,0.26487,-0.5531,1.9242,-0.45009,-0.16992,0.99374
-1.4128,-0.0063986,1.6267,2.6448,-2.4225,0.48817,-0.58042,-0.72864,1.0836,0.17083
0.058162,0.14073,1.6287,2.6481,-2.4255,-1.0647,-1.1926,-1.7315,-0.94856,-1.4766
-1.414,-0.0062682,-0.17657,-0.28709,0.26296,-0.50735,0.37992,-0.55962,0.24466,0.57194
-1.4219,0.14146,1.6305,2.6511,-2.4282,0.99228,0.61763,-2.18,-0.31139,0.29642
-1.4239,0.14185,1.6345,2.6575,-2.4342,-0.22097,0.42357,0.10047,1.4169,2.093
-1.425,0.14336,-0.17609,-0.2863,0.26224,-0.28022,0.4018,-0.11822,1.0003,-0.56237
0.055947,0.14436,-0.17408,-0.28304,0.25925,-1.3602,1.7312,-1.3211,-0.07681,0.86029
-1.4531,-0.0059206,-0.17338,-0.2819,0.25821,-0.77742,-0.28901,-0.44015,-0.58204,0.95466
0.054302,0.14488,-0.17329,-0.28174,0.25806,-0.85271,-1.5188,-0.17423,-0.095288,-0.075397
0.053941,0.14643,1.6533,2.688,-2.4621,-1.4719,-2.2739,1.0907,0.75554,-0.78652
0.049861,-0.0059021,-0.17041,-0.27706,0.25377,1.1026,-1.5418,-0.72373,0.28473,0.91507
0.049632,-0.0056832,1.6711,2.717,-2.4887,1.556,0.82076,1.4629,0.86645,2.0456
0.047275,-0.00565,-0.16908,-0.2749,0.25179,-1.7804,1.6927,-0.26452,-0.029195,-0.30542
-1.4545,-0.0056029,1.6735,2.7209,-2.4922,0.39242,-0.6876,0.3924,-1.2142,-1.1391
-1.4693,-0.004896,-0.16882,-0.27448,0.25141,0.13512,1.084,-0.18695,-1.7043,0.48122
0.047171,0.14774,-0.16182,-0.2631,0.24099,-1.371,0.54868,0.17792,-0.25422,0.92267
-1.4697,0.1516,1.6797,2.7309,-2.5014,1.4891,-2.6057,-1.0087,-0.23763,-1.3163
-1.4732,0.15193,1.6972,2.7594,-2.5275,0.0042876,1.7472,-0.38972,-1.2658,-0.88899
0.046252,-0.0044566,-0.15782,-0.2566,0.23503,-0.62228,-0.00012944,0.39084,0.2438,0.99481
0.044096,0.15255,1.7023,2.7678,-2.5351,1.7963,-0.10499,-0.23388,-0.27028,1.7536
0.042695,0.15263,1.7133,2.7856,-2.5515,0.92787,0.36494,1.4189,1.4084,1.4008
-1.4826,-0.0044499,-0.15496,-0.25194,0.23077,-0.7186,-0.42433,0.59421,-1.5144,0.48123
0.039615,0.1536,1.7182,2.7935,-2.5587,-1.1809,2.2693,-1.0456,0.34959,-1.0099
-1.4854,-0.0040314,-0.1524,-0.24779,0.22696,3.1146,0.03221,-1.0425,1.1281,1.0337
0.038903,-0.003787,1.7351,2.821,-2.5839,1.5096,-1.0056,-1.1059,0.20977,-0.22609
0.038269,-0.0036796,-0.15123,-0.24589,0.22522,0.92763,0.44436,-0.94714,0.50904,-0.066434
-1.4941,0.15411,1.7545,2.8526,-2.6129,0.36585,-0.44824,1.3874,-0.69747,0.79139
0.037849,0.15574,-0.14897,-0.2422,0.22184,-0.8714,0.2675,0.20552,0.22084,0.81485
-1.4966,0.15637,1.7655,2.8705,-2.6292,-0.075851,0.26721,0.17872,-0.67673,-0.1109
-1.5123,0.1564,1.7911,2.9121,-2.6673,-1.367,0.23743,1.3801,-0.55038,0.12518
0.036404,0.15692,1.7978,2.9231,-2.6774,-0.97856,0.18409,1.4295,0.19943,-0.50588
0.033379,-0.0034291,1.8279,2.9719,-2.7221,1.2759,-0.18262,-1.546,-1.1061,-1.4736
0.032175,0.15891,-0.14409,-0.23428,0.21458,-0.81351,-0.13831,0.14621,-0.44579,1.307
-1.5139,0.15896,1.8286,2.9731,-2.7232,0.026584,-0.14463,-0.43986,0.65003,-0.46074
0.030853,0.15938,-0.14351,-0.23332,0.21371,0.1725,-0.073364,0.98844,-0.50649,-0.55555
0.030378,-0.0029341,-0.14295,-0.23242,0.21288,-1.1242,-0.34946,0.12321,2.5104,0.8176
0.025272,0.16007,1.8375,2.9875,-2.7364,0.089045,0.94811,0.55635,-0.20335,0.21074
-1.5153,0.16027,1.8391,2.9902,-2.7389,-1.4188,-1.207,-0.083482,0.88479,-1.1647
0.022926,-0.002655,-0.14128,-0.2297,0.21039,-2.5266,2.1302,-1.3632,-2.2679,0.52241
0.021847,0.16046,1.8572,3.0196,-2.7658,1.0276,2.6849,1.3827,-1.2498,-1.9868
-1.5184,-0.0022841,1.8804,3.0572,-2.8003,-0.51784,-0.63121,0.49426,-0.76192,-1.9323
0.021274,-0.0022325,1.8824,3.0606,-2.8033,-0.24811,0.82409,1.2849,-0.4476,-0.046632
0.020866,-0.0019497,-0.14018,-0.22791,0.20876,-0.076813,0.23377,-2.1157,0.16109,-0.23325
-1.5543,-0.001764,1.8835,3.0623,-2.8049,0.33955,0.19017,-0.044472,0.37225,0.090324
-1.5568,-0.0016895,-0.13964,-0.22703,0.20795,0.24358,-1.5089,0.33202,-1.4357,-0.16955
0.020154,0.16048,-0.13848,-0.22515,0.20623,-0.8216,0.69796,0.52532,0.49225,-0.68365
0.018414,0.1608,-0.13316,-0.2165,0.1983,-2.401,-0.51247,-1.3779,0.29667,-1.3398
0.017298,-0.0015447,1.8877,3.0691,-2.8111,1.4251,-0.060132,1.2182,-1.0399,0.52646
0.013244,-0.0014772,-0.13014,-0.21159,0.19381,2.478,-0.46906,-0.17141,0.77793,-1.0965
-1.5638,0.16151,-0.12704,-0.20656,0.1892,-0.29598,-1.1264,-0.84368,-0.01153,0.15945
0.010871,-0.0013625,1.8889,3.071,-2.8129,0.69805,2.7379,0.09233,1.0658,0.90475
-1.5653,0.1637,1.8941,3.0796,-2.8208,1.4713,0.28798,0.37338,0.18858,0.35483
0.01073,0.16458,-0.1264,-0.20551,0.18823,1.1641,0.42826,0.58142,0.10374,-2.4074
0.0083782,0.16629,-0.12554,-0.20411,0.18696,0.015912,1.4203,0.79952,1.8909,-1.6082
0.0081472,0.16637,-0.12155,-0.19762,0.18101,-0.23476,1.5592,-1.3021,-0.13019,2.1501
-1.5675,-0.0012425,-0.11762,-0.19123,0.17516,-1.2516,1.9713,-0.84611,0.7683,-1.5195
-1.5788,-0.0010974,-0.11723,-0.1906,0.17458,0.23459,-0.91794,1.1955,1.7416,0.39723
-1.6044,0.16714,-0.1121,-0.18225,0.16693,-2.0031,-0.29726,-0.61309,0.36444,-0.69207
0.0068417,-0.00079441,-0.11207,-0.18221,0.16689,-0.77783,-1.2706,-0.61986,-1.1137,0.57682
-0.0040003,0.16715,-0.10607,-0.17246,0.15796,0.76136,-0.84595,0.35828,1.6872,-0.94177
-1.6083,-0.00076848,1.9075,3.1014,-2.8407,-0.13318,0.84955,0.31313,0.1458,-1.3364
-0.0048816,0.16772,-0.10533,-0.17125,0.15685,0.046769,0.99451,-1.8077,0.11629,-0.53987
-1.6177,0.1691,-0.10527,-0.17116,0.15677,0.92019,0.80112,0.039583,2.4047,-0.43988
-0.0060878,0.16963,1.9595,3.186,-2.9182,0.57149,0.32833,0.85557,-0.19377,1.2788
-1.6331,0.00022928,-0.1015,-0.16503,0.15116,-0.56102,-0.95815,-0.17641,1.2898,-0.38049
-0.006671,0.00069483,1.9623,3.1905,-2.9223,-0.735,1.7279,0.74236,-0.22328,0.72583
-0.0068013,0.1697,1.9689,3.2011,-2.9321,0.11458,1.7926,0.44011,-0.75947,-0.062008
-1.6831,0.0016404,-0.10045,-0.16331,0.14958,-1.0026,0.75744,0.34381,-1.0341,-0.26916
-1.6873,0.17294,1.9704,3.2036,-2.9343,-0.73131,-0.9273,0.46298,-0.38576,-0.035347
-0.0093271,0.17332,1.9716,3.2055,-2.9361,-0.38106,-0.58051,-1.1933,0.50054,-1.3323
-1.6874,0.0020249,-0.10044,-0.1633,0.14957,-0.61161,1.5075,-1.0579,-0.80725,-0.26469
-0.011548,0.0022621,1.9768,3.2141,-2.944,1.8867,-0.76749,1.6238,0.40729,0.32368
-0.015798,0.0023604,2.0165,3.2786,-3.003,-0.071747,-1.617,-0.21298,0.71616,1.4016
-0.016667,0.17353,-0.096957,-0.15764,0.14439,0.85361,1.4205,-2.2793,0.40385,-0.17318
-0.020692,0.17364,2.017,3.2794,-3.0037,0.35586,-0.69771,0.68949,-0.36566,2.2908
-1.707,0.0030173,-0.093802,-0.15251,0.13969,-1.9819,-0.76985,-0.1252,-1.8819,-1.3228
-1.7097,0.175,-0.093439,-0.15192,0.13915,0.7695,-0.19235,0.01156,0.77156,-0.72997
-0.023319,0.17922,-0.090175,-0.14661,0.13429,-1.503,0.74176,-0.99302,0.010417,0.55015
-1.7299,0.18495,-0.089522,-0.14555,0.13332,1.1254,-0.70523,-0.35979,0.42123,0.1757
-0.02751,0.18524,-0.089424,-0.14539,0.13317,0.54877,-0.26486,0.46185,-0.50596,-1.8767
-0.030525,0.0032701,-0.087802,-0.14275,0.13076,2.7267,1.2407,0.23114,0.51761,-0.46933
-1.7334,0.18579,2.0526,3.3373,-3.0568,2.6096,0.3405,-1.1187,0.23741,-0.20867
-0.030654,0.18685,-0.086376,-0.14044,0.12863,-0.26156,-1.0216,0.31892,-2.427,-1.3427
-0.031715,0.18949,-0.082402,-0.13398,0.12271,0.012737,0.20245,-0.67902,1.5558,-0.50247
-1.7533,0.18951,2.0756,3.3747,-3.091,-1.006,-0.36916,-0.70928,0.15151,-0.22144
-1.7864,0.19091,-0.081424,-0.13238,0.12126,-0.70662,-1.2287,1.7645,1.5458,-0.33766
-0.03262,0.19544,2.0788,3.3799,-3.0958,-0.17214,0.68214,-0.42749,-1.2099,0.39818
-1.7982,0.0033256,2.0946,3.4055,-3.1192,-0.052293,-1.2307,-0.44766,0.086678,-0.048819
-0.038892,0.0035674,-0.08035,-0.13064,0.11966,0.72866,0.56618,-2.1397,-2.0632,-0.78406
-1.8092,0.19897,-0.07728,-0.12565,0.11509,0.7189,0.2407,-1.1642,-0.346,0.39808
-0.045703,0.0038714,-0.076589,-0.12452,0.11406,-0.63937,-0.9097,0.96958,0.4825,0.18436
-0.046433,0.19991,2.0966,3.4088,-3.1222,0.17906,-0.6507,-0.77934,-0.94269,-0.10305
-1.8292,0.20483,2.1131,3.4357,-3.1469,-0.074709,-0.97473,-0.40036,0.60239,-0.07715
-1.8425,0.20521,-0.076528,-0.12443,0.11397,0.75638,0.91007,-0.27375,-0.33274,-1.44
-1.8693,0.0041241,2.2551,3.6666,-3.3584,-1.7271,0.090776,1.9804,8.4378e-05,0.14403
-1.9045,0.21004,-0.074582,-0.12126,0.11107,0.6999,-0.51819,0.3714,0.23241,1.0421
-1.915,0.21076,-0.071798,-0.11673,0.10692,-0.87288,0.76702,-0.15318,0.42012,1.0426
-0.046825,0.0043494,2.2618,3.6773,-3.3682,-1.5104,0.78106,-0.57366,2.0113,0.26123
-0.048357,0.21381,2.2743,3.6978,-3.387,0.96834,1.0689,-1.5298,-0.12782,0.49669
-0.052115,0.21804,2.2771,3.7023,-3.3911,0.17002,1.3116,-1.0476,1.1686,0.16615
-1.9178,0.0044303,2.2879,3.7199,-3.4072,0.15179,-0.41706,-0.63431,0.016945,0.16715
-0.052257,0.21809,2.293,3.7281,-3.4148,-1.7149,-0.34306,1.3245,-2.3865,-0.42495
-0.057655,0.0044649,-0.069695,-0.11331,0.10379,-0.96549,-0.52094,-0.34112,1.8027,0.2152
-0.060032,0.0044744,-0.069381,-0.1128,0.10332,-1.366,0.4839,0.11529,0.81135,-0.33507
-0.061963,0.0048799,2.3066,3.7503,-3.4351,1.2888,1.0944,1.0368,-0.29837,0.52176
-1.9472,0.22236,-0.066967,-0.10888,0.099728,0.031418,1.6376,0.31932,-0.093957,0.40936
-0.063022,0.0048996,2.361,3.8387,-3.5161,2.1502,-0.51748,1.8719,0.33324,0.39964
-0.06313,0.22406,-0.06243,-0.1015,0.092972,0.10676,-1.2939,0.3095,0.27179,0.12488
-0.063817,0.22547,2.3721,3.8568,-3.5326,-0.8709,0.42251,1.3139,0.74408,-0.95982
-1.9584,0.22823,2.3977,3.8984,-3.5707,0.90376,1.3393,-0.97803,1.551,-0.35943
-2.0663,0.23878,-0.062008,-0.10082,0.092343,-0.25259,-0.77665,-0.30522,0.083936,0.66189
-0.065113,0.0056467,-0.059973,-0.097509,0.089313,1.7499,1.2493,-1.4631,-1.3257,1.0961
-0.071244,0.0056908,2.4083,3.9155,-3.5864,0.83185,2.241,-0.65953,0.47518,1.8877
-0.071439,0.0061127,-0.058142,-0.094532,0.086586,-0.83813,1.6509,0.23512,1.1582,-0.88839
-2.1658,0.0061233,2.4943,4.0554,-3.7146,-1.4485,0.48792,0.72793,-0.098004,-1.3515
-2.2432,0.0062866,-0.050924,-0.082795,0.075836,-0.71624,-1.1435,-1.5719,-0.67876,-2.1528
-2.2625,0.23986,-0.047553,-0.077315,0.070817,0.22265,0.81225,-0.64534,1.0377,-0.64637
-0.072358,0.0064693,-0.040612,-0.06603,0.06048,-0.14538,-1.133,-0.14541,-1.8466,1.6868
-0.072956,0.2405,-0.035554,-0.057807,0.052948,1.1091,0.94756,-0.47399,-0.5136,-2.8072
-0.07406,0.0072305,-0.035346,-0.057469,0.052638,0.73378,2.5684,-0.26102,0.72217,-0.075116
-0.076308,0.24142,-0.033752,-0.054876,0.050263,-1.3735,0.92435,1.309,-1.7124,-0.19919
-2.2923,0.24219,2.578,4.1915,-3.8392,-1.8752,-0.40663,-0.37216,-1.025,-2.5369
-0.078766,0.0073378,-0.030165,-0.049044,0.044922,-1.3644,-0.47929,-1.5877,-1.5139,0.20495
-0.081727,0.2429,-0.028988,-0.04713,0.043169,1.5907,1.33,-0.80736,-1.018,-1.4948
-0.084173,0.24407,-0.028467,-0.046284,0.042394,0.31939,1.4853,-0.68055,1.2439,-0.60635
-0.08585,0.26061,2.5954,4.2199,-3.8652,0.35644,0.50431,0.40966,0.35547,-1.4568
-0.098137,0.0077528,-0.028045,-0.045598,0.041766,-1.21,0.23692,1.0966,0.89808,-1.188
-0.10298,0.26734,-0.024807,-0.040333,0.036943,-0.76883,0.92387,0.29592,0.87849,1.1448
-0.10454,0.0087565,-0.023623,-0.038409,0.03518,-1.6626,1.2093,2.2376,-0.39481,0.50926
-2.3967,0.28535,-0.021197,-0.034463,0.031566,0.32962,-0.47461,1.0526,-0.52408,-0.44336
-2.6843,0.30297,2.6477,4.3049,-3.943,-0.45259,-1.0208,0.29181,-0.25047,-0.13
-0.10759,0.009199,2.8831,4.6876,-4.2936,-0.3578,-0.5834,-0.25398,-0.9472,-1.252
