0.04842,-0.013454,-0.0011976,-0.023173,-0.011765,0.85113,0.77177,0.037687,0.55613,0.27415
0.048562,-1.5369,-0.0010405,-0.020133,-0.010222,0.53841,-0.42846,0.11001,-1.0553,-0.89513
0.049042,-0.013419,-0.00097315,-0.01883,-0.0095603,0.51146,0.91902,-0.063845,-2.0394,-0.24018
-1.1502,-0.012777,-0.17728,-3.4304,-1.7417,0.60938,0.11608,1.6015,-0.39934,1.7745
0.049093,-1.5173,-0.16634,-3.2186,-1.6341,-0.28872,1.0307,-0.78356,0.24552,1.297
-1.1419,-0.011755,-0.00084321,-0.016316,-0.0082837,-0.53383,0.037583,1.994,0.38998,0.47779
0.050379,-1.4885,-0.00063763,-0.012338,-0.0062641,1.6301,-0.14453,0.20766,-0.49236,-0.36563
0.051443,-1.3744,-0.15895,-3.0757,-1.5616,0.87713,-0.95143,-0.31779,-2.0916,-1.1368
0.052568,-0.0097572,-0.1543,-2.9856,-1.5158,-1.0471,0.14493,1.4179,1.9829,0.49857
-1.0489,-0.0094376,-0.15216,-2.9442,-1.4948,0.080094,-1.9225,-0.67467,0.86925,-0.9713
0.053043,-1.3498,-0.15196,-2.9404,-1.4929,1.0646,1.0214,-0.78823,-0.44373,1.4106
-1.043,-1.3271,-0.00062825,-0.012156,-0.006172,0.21035,0.45791,1.4876,0.63397,-2.5217
-0.99425,-0.0093143,-0.14951,-2.893,-1.4688,-0.27431,1.7676,0.65116,-0.83129,-0.78756
0.053366,-1.2527,-0.00055131,-0.010668,-0.0054161,-0.19148,-1.9146,0.94686,-0.65285,-0.1085
0.054062,-1.2475,-0.14127,-2.7336,-1.3879,-2.3271,0.60126,-0.91797,-2.3756,-1.1418
-0.97435,-0.0090513,-0.00048694,-0.0094221,-0.0047837,-2.7707,1.9646,-1.0685,1.358,-1.1292
0.054392,-0.0090409,-0.13849,-2.6797,-1.3605,-0.65327,0.63848,-0.85518,0.7656,-0.66944
0.05584,-0.0070521,-0.13663,-2.6437,-1.3422,-0.43084,0.16089,-1.8281,-0.21026,0.19686
0.055942,-0.0066705,-0.00047645,-0.0092193,-0.0046807,0.96406,0.79394,-0.54601,0.83177,-0.39162
-0.96173,-1.2453,-0.13447,-2.6019,-1.321,1.0098,0.76433,0.73331,2.0007,0.53073
-0.95906,-0.0063922,-0.00036899,-0.0071399,-0.003625,0.49878,1.299,-0.91555,0.92401,-0.44098
0.056711,-1.191,-0.00023781,-0.0046015,-0.0023362,-0.20741,-0.69556,0.18435,0.31732,0.46432
0.058365,-0.0061397,3.1639e-05,0.00061221,0.00031083,0.017142,-1.7178,-0.0044924,-0.81426,0.025981
-0.93325,-1.1523,8.6048e-05,0.001665,0.00084535,0.22846,1.0917,1.1377,-0.66408,0.39339
-0.92612,-0.0058154,-0.1331,-2.5755,-1.3076,-0.42172,0.23885,-0.75097,0.13144,-0.32478
-0.92098,-0.0054822,-0.13045,-2.5241,-1.2815,0.4725,-2.4343,0.16739,1.1041,1.1075
-0.91827,-0.0052666,0.00029429,0.0056944,0.0028911,1.8349,-0.71677,-0.3896,0.24888,-0.13791
-0.91592,-0.0032225,0.00061668,0.011933,0.0060583,0.091059,-0.37029,-1.5026,-0.92847,-0.70104
-0.9071,-0.0018438,0.00069898,0.013525,0.0068668,-0.083059,0.86267,0.51949,-0.64696,0.065833
-0.90497,-0.0010995,0.00094211,0.01823,0.0092554,-1.5104,-1.4167,0.58938,1.7545,0.54908
0.058743,-1.1314,-0.13022,-2.5197,-1.2793,0.63233,-2.1724,-0.17649,0.004201,0.27627
-0.88326,-1.1216,0.0010189,0.019715,0.01001,-0.18121,-0.67766,-1.3683,-1.4458,-0.38572
-0.87192,-9.3453e-05,-0.12876,-2.4915,-1.2649,-0.94137,0.4359,1.255,1.5129,-1.2006
0.060066,0.0011395,0.0010547,0.020408,0.010362,-0.14027,0.94653,0.56475,1.2809,0.96471
-0.87032,0.0038203,-0.12739,-2.465,-1.2515,-0.40289,0.92313,-0.54815,1.0555,-0.60785
-0.86934,0.0047254,0.0018644,0.036076,0.018316,1.4577,-1.1867,0.51442,-0.53389,-0.93193
-0.84738,-1.1091,0.0019962,0.038626,0.019611,0.83051,1.7916,2.7787,-0.35515,0.47493
-0.84143,-1.0998,0.0022688,0.0439,0.022289,-0.16368,-0.62034,-0.73192,2.0511,0.364
0.060781,-1.0825,-0.12653,-2.4483,-1.243,-0.16426,-0.99335,-1.0844,-0.37641,0.56602
0.061682,-1.054,0.0023914,0.046273,0.023493,-0.026107,0.43362,-0.4252,-0.92264,0.56471
0.062812,0.0062668,-0.12351,-2.39,-1.2134,0.048896,-0.31429,-1.2763,-0.45094,1.5646
-0.83846,0.0063107,0.0026454,0.051188,0.025989,1.1369,-0.17159,1.4615,-0.081204,-1.7001
0.063013,-1.0078,0.0026578,0.051428,0.02611,-0.73234,-0.21876,-0.89411,-0.53598,-1.0196
0.063579,0.0063249,-0.12123,-2.3457,-1.191,0.95112,-1.0129,1.1253,3.1233,-0.38635
0.064014,-1.0007,-0.1211,-2.3432,-1.1897,-0.0097213,0.47455,-0.95772,0.19105,-0.67757
0.064303,-0.99586,0.0027944,0.054072,0.027453,2.4207,-1.0166,0.92003,-2.235,0.75869
0.070052,-0.98658,0.0027952,0.054086,0.02746,-1.1769,0.68193,-0.27679,-0.17708,0.47334
-0.81959,0.0074528,0.0029932,0.057917,0.029405,1.7304,-0.81444,0.27369,-0.65274,-0.89699
0.070299,-0.98528,0.0030647,0.059301,0.030108,-0.84415,1.6653,-1.1458,-1.4612,0.80047
-0.80541,0.0076509,-0.11668,-2.2577,-1.1462,0.96511,0.50011,0.96795,1.1861,-0.98136
-0.79426,0.011413,-0.11638,-2.2519,-1.1433,-1.0766,-0.62775,1.8076,0.45217,-0.19266
-0.78921,0.012003,0.0032913,0.063686,0.032334,0.008702,-0.045902,0.56739,0.8271,1.3524
0.073059,0.01499,-0.1159,-2.2427,-1.1386,0.15195,0.33591,-0.87405,-0.94798,-1.5633
0.074131,-0.97883,0.0033557,0.064932,0.032967,1.1543,-0.44941,-1.0966,-0.28197,-0.22362
-0.78694,0.015001,-0.11533,-2.2317,-1.133,-1.639,1.076,-0.95382,1.1086,-1.4986
0.074893,0.015552,-0.11216,-2.1703,-1.1019,-0.41009,0.17167,-1.0112,-0.31262,-0.94237
0.075727,-0.97875,-0.11111,-2.1501,-1.0916,0.27611,-1.5099,1.393,0.74819,2.2517
0.076017,0.019294,0.0036737,0.071085,0.036091,-0.41346,-0.02778,0.28496,0.47348,0.22606
0.077199,-0.9703,-0.11095,-2.1468,-1.09,0.45407,0.38284,0.6596,0.1607,0.82589
-0.78082,0.019744,0.0037719,0.072985,0.037055,-0.57657,-0.023895,-0.87674,1.1299,-0.73507
0.077424,0.020577,0.0037761,0.073066,0.037097,-0.47403,0.71286,0.56157,-0.73594,-1.4905
-0.76155,0.020759,0.0039507,0.076444,0.038812,-0.93198,-0.2529,0.13263,-0.81038,-0.78402
0.077485,-0.9127,0.0039591,0.076608,0.038895,-0.63631,2.9736,0.24453,0.97987,0.1419
0.07881,-0.90863,0.0040566,0.078494,0.039852,1.2012,-0.43303,-2.0799,-0.12798,-0.23003
0.080077,-0.90061,-0.11091,-2.1461,-1.0896,2.0301,0.38499,0.10454,1.1534,-1.6077
-0.75836,-0.89535,0.0043631,0.084425,0.042863,-0.97838,1.4815,0.68432,-0.2809,-0.34088
0.080355,-0.8821,0.0043822,0.084795,0.043051,-0.030501,0.07139,-0.14172,0.49074,-0.79641
-0.74707,0.021379,-0.10946,-2.1181,-1.0754,1.7068,-0.79606,0.042971,0.65967,1.6369
-0.74703,0.021587,-0.10916,-2.1123,-1.0724,-0.62489,-0.67915,-0.35495,-0.18433,0.55956
-0.74158,-0.88015,-0.10765,-2.0831,-1.0576,-0.68322,0.3785,0.74803,1.3093,-0.34426
-0.74062,0.023111,-0.10683,-2.0671,-1.0495,-0.68998,0.7785,-0.52121,0.54817,1.1544
0.082119,-0.87792,0.0044445,0.086,0.043663,-1.466,0.7323,0.26934,0.19972,-1.5691
-0.73158,0.026578,-0.10677,-2.0659,-1.0489,0.92523,-0.54168,0.76083,0.69779,2.4579
-0.72338,-0.87579,0.0047387,0.091692,0.046553,0.29316,1.008,0.10143,-0.86486,-0.23291
-0.72085,0.026608,-0.10643,-2.0594,-1.0456,0.0824,-2.3852,-0.41134,0.3884,0.78973
-0.72023,-0.86673,0.0050308,0.097346,0.049423,1.8695,-0.56188,1.2663,0.16509,-2.1648
0.083263,0.027314,0.0051157,0.098987,0.050257,-0.66025,0.85397,-1.4155,-0.7841,0.79696
0.083689,-0.86635,0.0056488,0.1093,0.055494,1.4419,-1.137,0.69844,0.12661,-1.7431
0.08833,0.029554,-0.10474,-2.0268,-1.029,2.2033,0.18476,0.73775,-1.0915,-0.82685
0.089269,0.030137,-0.1006,-1.9466,-0.98833,-0.38795,-0.01867,0.057049,-1.9788,-1.7101
0.089412,0.03049,0.0057122,0.11053,0.056117,0.63237,-0.10414,1.3488,-0.49489,1.5283
-0.71595,0.030717,-0.098162,-1.8994,-0.96435,0.066409,1.2215,-0.73389,0.56768,0.68591
-0.71126,0.031488,-0.097835,-1.8931,-0.96114,0.99354,-1.3073,2.2252,0.13258,-0.13091
0.090434,0.031526,0.0057964,0.11216,0.056944,0.6957,0.24516,0.5762,0.38848,-1.5438
0.093379,0.031597,0.0058569,0.11333,0.057538,1.3755,-0.43858,0.40263,-0.58692,0.91463
0.09428,-0.85279,-0.096401,-1.8653,-0.94705,-0.60397,0.22323,0.80302,0.53946,0.1315
-0.70036,-0.85279,-0.095615,-1.8501,-0.93933,-0.73655,-0.30381,-0.18858,1.1058,-1.5944
0.094515,0.03259,0.0059278,0.1147,0.058235,0.51572,0.37742,-0.8266,0.32007,-0.97236
-0.6957,-0.85255,0.0059724,0.11557,0.058674,-0.0021218,-1.5661,-0.67649,0.28037,0.085066
0.096213,-0.84684,0.0062589,0.12111,0.061488,0.20827,0.96698,0.75692,0.89299,-0.73562
0.096295,0.03406,0.0062917,0.12174,0.06181,1.629,-0.36089,-0.40397,-0.25928,0.52024
0.098255,-0.84278,0.0067408,0.13043,0.066222,1.372,-0.43949,-2.4278,-1.8749,-2.0842
0.09848,-0.8427,0.0070709,0.13682,0.069465,-2.327,1.4367,-1.598,2.167,-1.1264
-0.69423,0.035697,0.0070891,0.13717,0.069644,-0.45648,0.020572,-0.008747,1.5331,-0.47792
0.099164,-0.83912,0.0071462,0.13828,0.070205,-1.4927,0.23552,-0.89121,1.5201,-2.467
-0.68875,-0.83902,0.0071575,0.1385,0.070316,-0.21518,0.44687,-0.18416,-1.1285,-0.84768
-0.6875,-0.83828,-0.095044,-1.8391,-0.93372,1.6156,-0.16549,1.3387,-0.060406,0.89794
-0.68404,0.037586,0.0072998,0.14125,0.071714,-0.40979,-0.49035,0.65101,-0.18431,0.86169
0.099558,0.038694,-0.091149,-1.7637,-0.89545,-0.84999,1.2167,-0.42235,-0.039244,0.44859
-0.68276,-0.83324,0.0074461,0.14408,0.073152,-1.0169,0.59002,-0.43152,0.16233,-1.353
-0.68256,-0.83285,0.0074863,0.14486,0.073546,-0.18913,0.045515,-1.0451,-0.3161,0.2032
-0.68119,-0.82989,0.0075417,0.14593,0.07409,-0.1013,0.85588,0.6652,-0.052111,-0.13748
-0.67986,-0.8238,0.0076038,0.14713,0.074701,-0.66638,0.26405,-1.0476,-1.1558,1.5207
0.10041,0.043581,-0.090278,-1.7469,-0.8869,1.4997,-0.84093,-0.23466,-0.89047,0.29871
0.10062,0.044885,-0.089501,-1.7318,-0.87926,-0.49806,-0.35161,-1.1915,-0.83775,0.91849
-0.67466,0.044944,-0.089107,-1.7242,-0.8754,-0.18277,0.68733,0.55259,1.7119,-0.98586
0.10133,-0.81929,0.007841,0.15172,0.077031,-0.12472,-0.85671,-0.33353,-0.61172,1.1571
0.10239,-0.80843,-0.089075,-1.7236,-0.87508,-0.57127,-0.31136,0.027954,1.513,0.78471
-0.66985,0.045238,0.0082605,0.15984,0.081152,-1.3747,0.30777,-2.7791,-0.6391,0.18907
-0.66779,0.045699,0.0082946,0.1605,0.081487,-0.00070367,0.0057492,0.1619,-1.5481,-0.52528
-0.66688,-0.8033,0.0085981,0.16637,0.084468,1.1472,0.33752,-0.71204,0.69996,1.0696
-0.66417,0.046226,-0.088872,-1.7197,-0.87309,0.10838,-0.045872,-0.80809,-1.0737,0.67359
-0.66335,0.047273,-0.08877,-1.7177,-0.87209,-1.4269,1.3723,-0.32679,0.70693,-0.60303
0.1024,0.049767,0.0086315,0.16702,0.084796,-1.9515,-0.66375,0.15986,0.25291,0.037024
0.1038,-0.80206,0.0086328,0.16704,0.08481,3.3505,0.30988,0.94927,1.698,-0.64185
-0.65874,-0.79816,-0.088122,-1.7051,-0.86572,0.94647,-1.2422,-0.64666,-0.34099,0.69647
-0.65283,0.050253,-0.087846,-1.6998,-0.86301,-0.16887,-2.2341,1.9839,-0.63263,-0.58952
-0.64333,-0.79515,-0.087714,-1.6972,-0.86171,1.1641,-0.46125,-0.79931,1.5196,0.10961
-0.64264,-0.79156,-0.087661,-1.6962,-0.86119,-1.9068,-1.3234,0.13355,0.90076,0.63664
0.10538,0.050583,0.0088035,0.17035,0.086486,-0.71603,-1.3854,-0.17086,-1.2215,-0.14538
0.10571,-0.7833,-0.086731,-1.6782,-0.85206,-0.19165,0.58872,-0.73239,1.3045,-0.44611
-0.64232,-0.78248,-0.086517,-1.6741,-0.84995,-0.628,0.65741,0.2168,-1.2305,1.4664
0.10583,0.051255,-0.086478,-1.6733,-0.84957,-0.69913,-1.2268,-0.20841,0.17931,0.036284
-0.64184,0.052248,0.0088607,0.17145,0.087048,0.23298,0.69016,0.91891,0.074497,0.71309
-0.63524,-0.77976,0.0089473,0.17313,0.087899,0.37854,0.21448,1.5173,-0.7424,0.42755
0.10605,-0.77665,0.009144,0.17694,0.089832,-0.38785,0.54768,0.94749,1.1284,0.43132
0.10611,0.055563,-0.086412,-1.6721,-0.84892,0.32642,1.3521,-0.1334,0.01917,-0.4091
-0.63388,-0.77336,-0.085249,-1.6496,-0.83749,-1.96,0.0038529,-0.13858,0.38466,0.14365
0.10681,-0.76133,-0.084855,-1.6419,-0.83363,-0.2152,0.29689,-0.033157,0.47409,-1.3888
-0.63164,0.055715,0.0093898,0.18169,0.092247,0.32969,0.12255,0.47482,0.33019,1.1862
0.10687,-0.75802,-0.084231,-1.6299,-0.82749,-1.0373,1.1885,0.90693,0.58353,1.2826
-0.63145,0.055761,-0.083421,-1.6142,-0.81954,-1.6419,0.17969,1.4,0.024787,-0.62483
-0.63136,0.055935,-0.082697,-1.6002,-0.81242,-0.94782,-1.2999,1.0706,0.29846,-0.0049338
0.10728,-0.75784,0.009481,0.18345,0.093142,-0.66836,1.8852,0.86787,-0.43736,0.37137
-0.63112,0.056847,-0.082576,-1.5978,-0.81123,-1.1231,-0.37493,-0.18233,0.7259,1.0507
-0.62035,0.0606,0.0095284,0.18437,0.093608,0.98051,-0.97112,-0.50161,-0.22612,0.05222
-0.61334,-0.74937,0.0095387,0.18457,0.093709,-0.31905,1.8667,-1.5929,-0.82519,-1.1101
-0.60508,-0.74877,-0.082419,-1.5948,-0.80969,-0.0024386,-0.29604,1.4734,-2.8936,1.5802
-0.60315,0.060663,-0.08188,-1.5844,-0.8044,-0.85949,1.4418,-1.6944,-0.013936,0.029409
0.10741,-0.74876,-0.081762,-1.5821,-0.80324,0.24541,-1.5127,-0.50936,-0.25846,0.96053
0.10821,-0.74703,-0.08168,-1.5805,-0.80243,1.4488,0.2198,-0.4609,1.6108,1.3821
-0.59775,-0.73965,0.0096559,0.18684,0.09486,-0.14108,0.81551,0.63317,0.41776,-1.8251
0.10842,0.064333,0.0096788,0.18728,0.095085,-1.2098,0.089185,-1.8844,-0.77699,0.76127
-0.59223,0.066687,0.009935,0.19224,0.097602,0.78169,-0.13757,0.29569,0.050891,0.95564
-0.59127,0.069465,-0.081275,-1.5727,-0.79845,0.29914,-1.6762,0.7771,-1.2609,-1.004
-0.59025,0.069667,-0.080498,-1.5576,-0.79082,2.141,-1.447,-1.0388,1.8635,1.2956
-0.58969,-0.71774,-0.080473,-1.5571,-0.79058,0.056838,-2.0196,0.44888,1.9742,-0.39656
-0.58644,0.069709,0.010608,0.20526,0.10422,-0.11186,1.1605,0.79214,0.49033,1.1965
0.10843,0.07086,-0.0804,-1.5557,-0.78986,-0.66664,-0.30924,-0.27108,0.51391,-1.4218
-0.58243,-0.71714,-0.080068,-1.5493,-0.7866,3.0473,0.88044,0.4757,2.2499,-0.2139
-0.5778,-0.71564,0.01078,0.20859,0.10591,-1.6752,-0.30562,-0.68217,0.39033,-0.016867
0.10882,0.072969,-0.080059,-1.5491,-0.78651,-0.1171,0.14568,0.047933,-0.12141,-1.1947
0.10933,0.074039,0.010824,0.20944,0.10633,-0.034345,-1.1229,-1.1265,1.4621,1.5713
-0.57764,-0.70421,0.010829,0.20955,0.10639,2.1832,-1.4544,2.3412,-0.52738,0.29328
0.10939,-0.70345,-0.07918,-1.5321,-0.77787,0.31454,-0.18387,0.17419,-2.3286,0.25423
0.1098,-0.70167,-0.079173,-1.532,-0.7778,-0.6775,-1.2832,1.1825,-0.80836,0.86067
-0.57435,0.074493,0.010886,0.21065,0.10695,0.3719,0.22611,-1.0352,-1.2334,-0.10906
-0.57045,-0.69455,0.011029,0.21341,0.10835,0.90894,0.37583,1.3236,0.94085,-2.1531
0.11249,-0.69137,0.011067,0.21415,0.10873,-1.0305,-0.70582,0.72872,0.547,-1.1228
0.11253,-0.68563,-0.079035,-1.5293,-0.77644,-0.089844,-0.46749,-1.061,0.29429,1.8053
0.11307,-0.68212,0.011113,0.21503,0.10917,-1.3032,-0.49358,1.6963,0.70503,1.1901
-0.5702,0.075747,0.011194,0.21659,0.10997,-1.0101,-0.46705,0.9873,-0.28988,-1.6751
0.11335,0.078174,-0.078872,-1.5262,-0.77484,-0.11774,0.75276,-2.7798,-1.8773,0.14926
0.11336,-0.67443,0.011437,0.2213,0.11236,-0.48749,0.46105,0.080209,0.80267,-1.97
0.1147,-0.66634,0.011602,0.2245,0.11398,-1.969,-0.8242,-1.7823,0.32291,-0.33267
0.11477,-0.66168,0.011641,0.22526,0.11437,-0.39345,-0.37791,-0.41006,0.18627,-0.15333
0.11846,0.079999,0.011768,0.22771,0.11561,-0.47472,-0.49131,-1.0485,-0.45848,-1.6006
-0.56611,-0.65891,-0.077098,-1.4918,-0.75742,0.42022,0.55953,-1.3247,-0.153,0.72659
0.12325,-0.6562,-0.076776,-1.4856,-0.75425,-0.94839,-1.2337,0.20731,-0.53198,0.64761
-0.55595,-0.65449,-0.075414,-1.4592,-0.74087,-1.9936,-0.53187,-1.595,0.51659,-0.60162
0.12377,-0.65444,0.01181,0.22852,0.11602,0.66624,1.2752,-1.0798,0.73685,-0.86585
0.12564,-0.64782,-0.075128,-1.4537,-0.73806,-0.5924,-2.5745,-0.24995,1.0905,-0.82357
-0.54903,0.084333,-0.075083,-1.4528,-0.73762,0.21432,-0.089452,0.30517,0.35755,0.76502
0.1265,0.085496,0.011826,0.22884,0.11618,-1.2258,-0.49098,0.50487,0.63765,-0.34329
-0.54707,0.085595,0.012094,0.23401,0.11881,0.29584,0.20631,-0.55083,-0.83696,0.96846
-0.54009,0.089941,-0.074958,-1.4504,-0.73639,0.12545,0.40597,0.58226,-0.4738,0.48866
0.12653,0.090206,-0.07472,-1.4458,-0.73406,-0.50947,-0.11224,0.97634,0.66275,-1.3045
0.12723,0.090798,0.012269,0.2374,0.12053,-0.82873,-0.38769,0.35138,0.43463,1.4027
-0.53891,0.091317,-0.074234,-1.4364,-0.72928,-1.4332,-0.4421,-1.0863,1.0507,0.17203
-0.53796,-0.64141,0.012431,0.24053,0.12212,0.46881,1.1422,-0.30182,-0.040301,-1.4122
-0.53317,0.091725,-0.073841,-1.4288,-0.72542,0.36085,-0.53453,2.146,0.66306,1.812
0.12753,0.093169,-0.07357,-1.4236,-0.72276,2.7471,-1.037,-1.1195,-0.91476,0.27723
-0.52177,-0.64067,0.012607,0.24394,0.12385,-0.12416,0.33347,0.02177,-0.54546,-0.97026
-0.51615,0.094268,0.012614,0.24407,0.12392,0.044195,0.6238,-1.3019,-0.25046,-0.057436
-0.51548,-0.63927,0.012705,0.24584,0.12482,-0.22602,-0.47677,-0.10576,-1.2685,-0.63836
-0.51245,0.094944,-0.073458,-1.4214,-0.72166,0.57024,1.0183,1.3439,0.63522,0.068756
0.1284,-0.63343,-0.07317,-1.4158,-0.71883,-0.014931,-0.27495,0.78243,0.061665,-0.4406
0.13091,0.096027,-0.072999,-1.4125,-0.71715,-1.1791,-0.22453,-0.59759,3.1959,-0.41983
-0.50825,0.098016,-0.071838,-1.39,-0.70574,-0.44763,-0.81832,-0.5335,-1.7392,1.9479
-0.5073,-0.62868,0.013128,0.25402,0.12897,-0.94864,-0.8032,-0.81836,-0.95416,0.21586
-0.50719,0.09853,-0.071191,-1.3775,-0.69938,0.47805,1.3309,-0.44361,1.6869,0.9771
0.13251,-0.6278,0.013255,0.25649,0.13022,-0.56495,0.94565,-0.1167,0.26538,-1.1954
0.13263,-0.6252,0.013346,0.25824,0.13111,-0.25764,-2.6518,-0.18055,0.84994,-2.5002
-0.50541,0.099438,-0.071111,-1.376,-0.6986,-1.9436,-0.28928,-0.23312,-0.18834,0.93953
-0.50332,-0.62207,-0.070696,-1.368,-0.69452,1.1087,2.0439,-0.69357,0.67392,0.50625
-0.50057,-0.61804,-0.069726,-1.3492,-0.68499,0.26532,1.0969,-0.19822,0.46587,-0.39788
-0.49987,-0.6161,0.013365,0.25861,0.1313,0.83351,-0.35228,0.38462,-2.698,1.7025
-0.49723,-0.61328,0.013572,0.26263,0.13334,-0.17197,-0.34638,0.38211,-0.33227,-0.63145
-0.49284,-0.61256,-0.068887,-1.3329,-0.67675,2.4787,-0.87569,0.62749,0.3118,-1.6018
0.13367,-0.60692,-0.068864,-1.3325,-0.67652,-0.9534,-0.87611,0.8095,0.17544,-1.2282
-0.49207,-0.60239,0.013807,0.26717,0.13565,-0.84371,0.40613,0.20667,0.92578,-1.3344
-0.49146,0.10235,-0.068784,-1.331,-0.67574,-0.79161,-0.45937,0.070419,2.4822,0.15455
-0.49085,-0.60019,0.013835,0.2677,0.13591,-1.6661,-0.28474,0.29932,-1.0557,0.68472
0.13531,-0.59902,-0.068175,-1.3192,-0.66976,-0.93377,0.2557,-1.0477,1.256,-0.30438
0.13731,-0.58892,-0.068097,-1.3177,-0.66899,-0.76723,1.0795,-0.63471,-0.29199,-1.7476
-0.48668,0.10294,-0.067835,-1.3126,-0.66642,-0.47227,-0.20743,-0.008016,-1.0338,0.93771
-0.48461,-0.58734,-0.06751,-1.3063,-0.66322,1.256,0.26212,0.024692,0.53856,0.26241
0.13927,-0.58687,0.014043,0.27174,0.13796,-1.2281,-1.1704,1.5733,-0.029564,0.8457
-0.48195,0.10421,0.014079,0.27242,0.13831,0.82082,0.099063,0.55421,-0.85371,-1.9708
-0.48092,0.10605,-0.067362,-1.3034,-0.66177,-0.87282,-0.42464,-1.6738,1.4976,-1.5985
-0.47913,0.10748,-0.067293,-1.3021,-0.66109,2.4294,1.042,-1.169,2.3816,0.64901
0.13935,-0.57983,-0.066932,-1.2951,-0.65755,1.2855,-0.14517,0.25256,1.2678,1.5247
-0.47769,-0.57509,-0.066745,-1.2915,-0.65571,-0.17887,-0.81773,0.47649,-0.26147,-0.41071
0.13968,0.10942,-0.066483,-1.2864,-0.65313,0.33186,1.5114,1.4673,2.1395,-0.51836
-0.47415,-0.57299,-0.066222,-1.2814,-0.65057,1.4223,0.23922,-1.0939,0.23658,-0.69841
0.14026,-0.57128,0.014195,0.27467,0.13945,-0.52854,-1.7473,-1.1173,0.11915,0.65994
-0.47378,-0.57032,0.014387,0.27839,0.14134,-0.28976,0.70288,0.14482,0.7321,-0.2251
0.14162,-0.57015,-0.066133,-1.2797,-0.6497,-1.6607,1.121,0.84539,0.33741,-0.97649
0.14254,-0.56952,0.014454,0.27968,0.14199,-1.1919,-1.5819,0.4222,0.19472,-2.4206
-0.47324,-0.56864,-0.066013,-1.2773,-0.64852,0.485,1.3998,-2.1583,1.5387,-0.62947
-0.47311,0.10947,0.014892,0.28815,0.1463,-0.95412,-0.61201,0.05766,-2.0612,0.16614
0.14702,0.11122,-0.065809,-1.2734,-0.64652,-0.78717,0.11999,-0.017181,-0.62607,-0.93487
0.14781,0.11276,-0.065782,-1.2729,-0.64625,-0.26059,-0.13468,0.22471,0.82345,0.21842
-0.47211,-0.56848,0.015219,0.29448,0.14951,-1.1478,0.33021,-0.18702,1.9573,0.015976
-0.47006,0.11432,-0.065212,-1.2618,-0.64065,1.0612,0.99347,-0.28633,0.66534,-0.16791
-0.46957,0.1165,-0.064844,-1.2547,-0.63703,-1.5525,0.056116,1.5604,0.72712,-0.45772
-0.46934,0.11699,0.015385,0.2977,0.15115,-1.4461,-0.58897,-0.88502,0.37125,0.49351
-0.4685,0.11709,0.015466,0.29927,0.15194,0.74721,-2.2359,0.11368,-0.71999,-0.58924
0.15004,0.11743,-0.064651,-1.251,-0.63514,0.36647,-0.32625,-0.068657,1.5147,0.7641
0.1547,-0.56781,0.015542,0.30073,0.15269,-1.7648,-0.60172,0.17127,0.74799,-0.3857
0.15751,0.12009,0.015685,0.3035,0.15409,-0.63111,0.56187,0.48074,2.0457,0.30408
0.15802,0.1212,0.015827,0.30626,0.15549,1.1664,-1.5186,-1.1794,0.91653,-0.74377
0.15861,0.12202,0.015968,0.30898,0.15687,1.3247,0.37777,0.69914,1.1111,-0.66265
-0.46818,-0.567,0.016021,0.31,0.15739,0.048051,-0.9416,1.0039,0.72289,1.2975
0.16098,-0.5626,0.016101,0.31155,0.15818,0.23967,-0.58587,-0.72987,-0.55427,-2.1215
-0.46704,0.124,0.01624,0.31424,0.15954,0.38182,1.271,-0.16472,-1.1002,-0.075604
-0.46592,-0.56036,0.016587,0.32096,0.16295,2.3929,2.043,-0.32892,-0.74169,0.41667
-0.4651,-0.55865,-0.06462,-1.2504,-0.63483,0.89877,-1.7112,2.3403,0.052277,0.89352
-0.4634,-0.55846,0.016668,0.32251,0.16374,-0.24782,1.237,-0.48553,0.44103,-0.70139
-0.45917,0.12491,-0.064554,-1.2491,-0.63418,-0.48629,-1.4696,1.1887,-0.48289,-0.80017
-0.45767,0.12507,0.016912,0.32724,0.16614,0.38954,-0.16849,1.5585,-0.5679,0.48066
0.16228,0.12984,0.016987,0.3287,0.16689,0.95785,0.30112,0.84102,-0.28204,0.12622
0.16256,0.1305,-0.064299,-1.2442,-0.63168,0.32099,-0.84816,0.14929,-1.1027,0.64693
0.16349,0.13122,-0.064062,-1.2396,-0.62935,0.8355,-0.081191,-0.19042,-0.93372,-1.0286
0.16414,0.13228,-0.063801,-1.2345,-0.62679,1.9043,-0.15652,-1.4153,0.40377,0.90628
0.16437,-0.5576,0.016996,0.32887,0.16697,0.062042,-1.5721,0.67017,-0.8464,0.32786
-0.45492,0.13281,-0.063677,-1.2321,-0.62557,0.19975,0.020322,1.3592,0.408,-0.99446
-0.45383,0.13546,0.017079,0.33048,0.16779,-0.28872,0.21039,0.33282,0.16774,1.1803
-0.45364,-0.55324,0.01721,0.33301,0.16907,0.38889,1.4458,1.14,-0.47189,1.1636
0.16447,0.13937,0.017317,0.33509,0.17013,-1.2383,1.5554,-0.37785,0.66983,-1.8927
0.16509,0.13948,-0.06326,-1.2241,-0.62147,0.50811,-1.1701,-0.44194,-2.3559,-1.6759
-0.45275,0.14283,-0.06313,-1.2216,-0.62019,1.6857,-1.4888,2.1217,1.1301,-1.7396
0.1652,-0.54997,-0.062962,-1.2183,-0.61855,1.3445,1.7607,0.90995,0.41969,0.11217
0.16615,-0.549,-0.062783,-1.2148,-0.61678,-1.0735,1.3417,0.092543,0.15944,-0.93744
-0.45017,0.14336,-0.062767,-1.2145,-0.61662,1.1092,-1.3429,1.7976,0.063662,-0.15916
0.16672,-0.54848,-0.062593,-1.2112,-0.61492,1.8684,0.93041,1.5013,-3.214,0.028046
0.16878,-0.54773,0.017425,0.33717,0.17118,0.71933,1.1129,0.14898,0.68548,0.37697
-0.4488,0.14346,0.017949,0.34732,0.17634,1.0772,0.33248,1.3116,0.2533,0.077593
-0.44707,-0.54771,-0.062443,-1.2083,-0.61345,1.9195,-1.398,-1.0617,0.7852,0.34852
-0.44577,0.14431,0.018015,0.34858,0.17698,-0.23795,-1.4478,1.499,0.55376,1.7413
0.169,-0.54684,-0.061963,-1.199,-0.60873,-2.2599,-0.25216,-0.23083,0.35301,1.9281
-0.44304,0.14452,0.01816,0.35139,0.17841,-0.45686,-0.37546,0.58073,-0.68852,-1.514
0.16964,0.14541,-0.06193,-1.1983,-0.6084,0.32778,-0.27819,1.508,-1.1928,-1.4481
0.17038,-0.54558,0.018659,0.36105,0.18331,0.048616,0.50293,-0.17928,0.81331,-1.6316
-0.44085,-0.5448,-0.061869,-1.1971,-0.6078,0.90671,-2.0253,1.3025,-2.1478,0.0087799
0.17247,0.14683,-0.061853,-1.1968,-0.60765,1.2432,0.30293,-0.85439,-0.48625,0.96978
0.1725,0.14692,-0.061625,-1.1924,-0.60541,0.57469,-0.35866,-0.52458,-0.96966,0.42033
0.17333,0.14743,-0.061332,-1.1868,-0.60253,0.63578,0.52201,0.41651,-1.2792,0.67272
-0.4404,-0.54394,-0.061092,-1.1821,-0.60017,0.75154,-0.51544,1.1468,0.36323,-0.74592
0.17371,-0.54108,-0.060779,-1.1761,-0.59709,-0.46879,-0.018253,0.40351,-0.087017,-0.78022
-0.43678,-0.54042,0.018699,0.36182,0.1837,0.46713,0.88841,1.1924,-0.65033,-0.30394
0.17525,0.14858,0.018831,0.36437,0.185,-0.47505,-0.7022,-1.6549,-0.69666,1.7686
0.17556,0.14927,0.018895,0.36561,0.18562,1.3584,-0.46937,0.54508,0.40927,-1.6502
0.17585,-0.53181,0.01937,0.37481,0.19029,-1.5509,0.029002,-1.6331,-0.26839,-1.2265
0.17705,-0.531,0.019728,0.38173,0.19381,-0.078765,1.4125,0.29739,0.56792,1.7976
0.17884,-0.5284,-0.060556,-1.1717,-0.5949,-0.277,0.28774,2.7837,-0.40885,-2.233
0.17906,0.14988,-0.060268,-1.1662,-0.59207,-0.04559,0.55097,-0.2809,0.62236,1.9194
0.17909,-0.5269,-0.059852,-1.1581,-0.58799,0.799,0.34435,-1.1369,1.1349,0.27534
-0.43597,0.14995,0.01999,0.38679,0.19638,0.50394,-0.67251,1.1523,-1.8313,-0.87313
-0.42771,-0.52524,-0.059735,-1.1559,-0.58684,0.22355,0.74573,-0.90798,-1.4076,-0.04452
-0.4262,0.15106,-0.059497,-1.1512,-0.5845,1.4243,1.2359,1.4901,0.097044,-1.627
0.17994,-0.52507,-0.059402,-1.1494,-0.58357,-0.3486,0.061088,2.1937,-0.40004,-0.16803
-0.42568,0.15236,-0.059233,-1.1461,-0.58191,-1.5453,0.26879,-1.0727,-0.12068,-0.55303
-0.42285,-0.52294,-0.059131,-1.1442,-0.58091,0.82693,0.70185,0.36039,-1.182,-0.71459
0.18409,0.15612,-0.058699,-1.1358,-0.57667,-0.35475,-0.92331,-1.2732,0.81326,0.42068
-0.42094,-0.51852,0.01999,0.38681,0.19639,0.85712,1.2632,1.0291,0.5105,0.70547
-0.41981,0.1579,-0.058685,-1.1355,-0.57652,1.5699,0.57711,-0.16286,-0.32342,-0.37297
0.18764,-0.51319,-0.058462,-1.1312,-0.57433,1.1933,-0.80082,0.01266,0.66056,-0.034734
0.18995,-0.50209,0.020127,0.38945,0.19773,0.51931,1.4767,0.63637,1.9227,0.32054
-0.41684,-0.50068,0.020177,0.39042,0.19822,0.8009,-1.1029,-0.042477,-0.69733,0.93943
-0.4166,0.15879,0.02028,0.39241,0.19923,-1.8623,0.36497,0.23519,-0.91418,-0.78624
0.19022,0.16052,0.020593,0.39847,0.20231,0.12845,0.75285,0.55676,0.40274,-1.9186
-0.41554,-0.49991,0.020724,0.40101,0.2036,0.12531,0.69669,-0.27211,-0.38673,-1.0641
-0.41065,-0.49731,0.021046,0.40724,0.20676,0.002475,-0.85211,1.7913,0.30975,-0.38226
-0.40996,-0.49634,-0.057542,-1.1134,-0.5653,-1.0766,0.31397,-0.71833,0.36982,0.12325
0.19079,0.16093,0.021095,0.40817,0.20723,-1.2053,-0.31131,-1.0428,-1.2422,0.020719
-0.4095,-0.4958,0.021325,0.41263,0.2095,0.64989,-0.84103,-1.5317,-0.6101,0.35304
-0.4075,0.16101,-0.057433,-1.1113,-0.56423,0.61716,0.44765,-0.37124,-0.61122,1.5652
0.19098,-0.49478,0.021434,0.41475,0.21057,-0.96174,-0.51504,0.14827,-1.0424,0.36627
-0.40558,0.16298,0.021485,0.41572,0.21107,0.25596,0.42088,-0.48864,-1.1001,-0.83794
0.19242,-0.49452,0.021609,0.41814,0.21229,-1.6704,-0.52833,-0.62218,1.6132,1.5236
-0.40537,-0.49434,0.021878,0.42333,0.21493,0.098792,-1.6156,-0.22736,-1.6953,-0.47496
0.19305,-0.48745,0.022001,0.42571,0.21614,0.74778,0.61056,-0.87292,-0.2042,1.2967
0.19364,0.163,-0.057277,-1.1083,-0.5627,1.0309,0.10837,1.1073,-0.084061,1.1884
0.1949,-0.48606,0.022071,0.42706,0.21682,-0.073516,0.064059,0.87544,0.27748,1.069
0.20058,0.16341,-0.057002,-1.103,-0.56,-1.8617,1.9818,1.4617,0.70117,-0.016429
0.20084,-0.48049,0.022245,0.43044,0.21854,-1.6331,-0.90221,-2.1006,0.10309,0.72153
-0.40475,0.16479,0.022248,0.4305,0.21857,-0.43251,2.0086,-0.41158,-0.027925,-1.1438
-0.40209,-0.48047,-0.056564,-1.0945,-0.55569,-1.2413,-0.74599,-0.2074,1.6863,0.68841
-0.39523,0.16532,-0.056394,-1.0912,-0.55402,-2.1071,-0.0055303,1.2223,0.004606,0.57726
-0.39211,0.1656,-0.056165,-1.0868,-0.55177,-0.062499,0.13131,0.83831,0.20843,-1.3326
-0.39071,0.16832,-0.056048,-1.0845,-0.55062,-0.793,-1.3889,0.23543,0.6668,0.1954
-0.38783,-0.47309,-0.055782,-1.0794,-0.54801,-0.89062,-0.37196,-0.54552,1.0023,-1.9361
-0.38756,0.16862,0.022423,0.43389,0.22029,0.10804,-1.0999,-1.303,1.2091,-0.18653
-0.38754,-0.47292,-0.05567,-1.0772,-0.54691,2.0624,-1.7456,0.27808,-1.6624,-0.61269
0.20191,0.16908,-0.05556,-1.0751,-0.54583,1.3028,-0.38864,-0.76142,-0.7774,0.32244
0.20206,-0.47286,0.0225,0.43538,0.22104,-1.9364,0.42186,-0.05169,-0.47731,0.28716
-0.3842,-0.47271,0.023291,0.45069,0.22882,-1.1637,-0.80675,1.505,-0.46149,0.81353
0.20278,-0.47196,0.023557,0.45582,0.23142,-1.3127,-2.0421,0.88597,0.4281,-1.1296
-0.38197,0.17031,0.024071,0.46577,0.23648,1.3393,0.69331,-1.46,-0.081763,-0.032241
-0.37809,0.17214,-0.05469,-1.0582,-0.53728,-0.18648,-1.6623,0.81789,0.17356,-0.86399
-0.37761,-0.46729,0.024242,0.46908,0.23816,0.49311,0.34175,-0.34287,0.63997,-1.839
-0.37693,0.1728,0.024288,0.46997,0.23861,1.4664,-0.44991,0.25724,1.0424,-1.0719
0.20459,0.1737,0.02432,0.47058,0.23892,-0.092245,0.78379,0.73779,-0.52759,-1.1301
-0.37587,-0.46372,-0.054456,-1.0537,-0.53498,0.31414,0.1317,1.4091,0.64178,-2.6269
0.20495,-0.46117,-0.054289,-1.0505,-0.53334,1.1788,1.2887,2.1442,0.85384,-1.5165
0.20506,-0.45877,-0.054215,-1.0491,-0.53262,-0.81161,-1.2945,-1.038,0.83715,0.53688
-0.37109,-0.45876,-0.054139,-1.0476,-0.53187,0.83006,1.7306,1.183,-0.80236,-0.83442
0.20651,0.17475,-0.054056,-1.046,-0.53105,1.1209,-1.2767,-0.17318,-0.76936,-0.66682
-0.36903,0.17717,0.024349,0.47116,0.23921,1.4003,-0.10863,0.15563,1.0499,-0.12675
0.20733,-0.45774,0.02436,0.47135,0.23931,2.2789,-0.67202,-0.81544,-0.17396,-0.38878
0.20841,-0.45736,0.024461,0.47332,0.24031,0.46194,0.57298,-1.0102,0.028628,1.3141
-0.36768,0.17962,-0.053994,-1.0448,-0.53044,-1.0097,0.42829,-0.49494,-0.39596,-0.59679
-0.36403,0.18166,-0.053708,-1.0392,-0.52764,0.55135,0.58739,0.17008,-1.0078,-0.22177
0.21008,0.18217,0.024538,0.4748,0.24106,1.6919,0.025668,0.92795,-1.4472,-0.6408
-0.3636,-0.45439,0.024567,0.47538,0.24135,0.098229,-1.4591,0.87139,0.18939,0.60043
-0.36314,0.18248,0.024819,0.48024,0.24382,1.4438,-0.41015,0.053431,-0.42286,-0.63175
-0.36059,-0.45403,0.025098,0.48564,0.24657,1.3513,-1.4728,0.035122,-0.79493,-0.63773
-0.35784,0.18341,0.0252,0.48762,0.24757,0.45044,2.1845,-0.10313,1.6385,1.1113
-0.35545,0.18446,0.02553,0.49401,0.25081,-0.18635,-0.93471,-0.12238,1.5367,1.3667
0.21062,-0.45364,0.025707,0.49743,0.25255,-0.65096,-0.10432,-0.18596,-0.32403,-1.7445
-0.35533,-0.45229,-0.053624,-1.0376,-0.52681,1.5989,-0.13615,1.1787,-0.38373,-0.040118
-0.35366,0.18777,0.025868,0.50054,0.25413,-0.96206,0.49571,1.7042,-1.6165,0.97484
-0.35324,-0.45128,-0.053592,-1.037,-0.52649,1.3497,0.59604,-0.25929,0.35247,0.68372
-0.35251,0.18812,0.026249,0.5079,0.25787,0.81813,1.3444,1.1445,0.87226,-1.0174
-0.34875,0.18871,0.026264,0.50819,0.25802,-0.49351,0.0090775,0.6268,0.037165,0.91232
0.21173,0.18991,0.027085,0.5241,0.26609,0.27135,-0.71452,0.48949,1.2108,1.7294
-0.34826,-0.45047,-0.053354,-1.0324,-0.52415,-2.042,0.32021,-1.44,2.4367,0.3462
0.21249,-0.44909,-0.052858,-1.0228,-0.51928,-0.21115,0.94753,0.26385,-0.039578,1.7822
-0.34793,-0.44877,0.027098,0.52434,0.26621,0.49281,0.27383,-0.075991,0.69229,0.90067
0.21315,0.19083,0.02712,0.52476,0.26642,-1.7089,0.44113,-0.66645,-0.91132,0.43474
-0.3473,0.19089,-0.052594,-1.0177,-0.51669,0.93451,-0.71856,-0.24621,0.46587,1.0987
-0.3471,-0.445,-0.052289,-1.0118,-0.51369,3.2777,1.122,-1.3678,1.8343,-1.2309
-0.34552,0.19142,-0.052129,-1.0087,-0.51212,-0.6176,-0.55242,0.6192,-0.83067,-0.29301
-0.34532,0.1921,0.027266,0.52759,0.26786,-0.047241,0.6935,0.4426,0.41925,-0.48905
-0.33774,0.19253,-0.051848,-1.0032,-0.50936,-0.35661,0.088102,-0.73489,-0.91645,2.2798
-0.3376,0.19335,-0.051804,-1.0024,-0.50892,-0.77653,-0.30293,-0.40519,1.3166,-0.95239
-0.33734,-0.44407,0.027311,0.52846,0.26831,-0.16269,0.17211,0.68114,0.019439,-0.33755
0.21417,-0.44348,-0.051385,-0.99429,-0.50481,-1.7817,-0.81617,-2.014,1.0883,-0.72439
-0.33665,0.19429,-0.050936,-0.98561,-0.5004,-0.90477,-0.39818,1.402,-0.19367,0.2215
-0.33569,-0.44332,-0.050379,-0.97482,-0.49493,-1.8036,-0.27984,0.095449,-1.8922,0.75736
0.21426,-0.43909,0.027365,0.52951,0.26884,-1.1033,-0.49953,0.24382,-0.79949,-1.6018
0.21713,-0.43793,0.02741,0.53037,0.26928,0.30453,0.5748,0.28178,0.27583,-0.49295
0.2206,0.1946,-0.050306,-0.97342,-0.49421,2.201,0.58737,-0.42608,-1.1022,-0.39772
0.22083,0.19637,0.027452,0.53119,0.26969,-1.9268,0.98666,-0.63093,1.6824,2.3345
-0.33498,-0.43561,0.027506,0.53224,0.27023,0.014732,0.56398,-0.99133,1.1582,-0.58451
0.22204,0.19709,0.027862,0.53913,0.27372,0.31258,0.16731,-0.14892,1.4604,0.25131
-0.3338,0.19783,0.028402,0.54958,0.27903,1.1204,-0.97552,-0.32835,0.75034,-0.65996
-0.33321,-0.43536,0.028537,0.55219,0.28035,0.11312,-1.5162,-1.4782,1.1482,1.1828
-0.33234,0.20139,-0.04979,-0.96342,-0.48914,0.95198,-0.013549,0.11882,0.16141,-2.3336
-0.32468,0.20363,0.028564,0.5527,0.28061,0.029958,0.3083,0.25717,0.43985,-1.4683
0.22287,0.20571,-0.049551,-0.9588,-0.48679,2.2219,-1.2487,0.41017,-0.55554,0.79017
0.22311,-0.43438,-0.049526,-0.95833,-0.48655,0.73289,-0.81113,0.13826,-1.8846,-2.2265
-0.32357,0.20636,0.0287,0.55534,0.28195,-1.0723,1.0011,1.4356,-0.3587,-0.53551
-0.31929,-0.43403,-0.049428,-0.95643,-0.48559,-0.24507,0.11745,-0.50798,0.053957,-1.748
-0.31866,-0.43261,-0.0494,-0.95588,-0.48531,-0.25092,0.61824,0.93543,0.91399,-0.37567
0.22475,0.2071,-0.048937,-0.94691,-0.48076,-0.081011,0.94283,-2.9016,1.5468,-0.20335
-0.31826,-0.43053,0.028732,0.55595,0.28226,0.065932,-0.18598,-0.9307,0.21993,0.08757
-0.31754,-0.42916,0.028839,0.55802,0.28331,0.033972,1.6132,0.25913,1.0726,0.29398
-0.31482,0.2087,-0.048779,-0.94387,-0.47921,0.44368,0.21323,-0.80686,0.52666,-0.39457
-0.31366,-0.42764,-0.04865,-0.94137,-0.47794,-0.060666,0.074702,0.85795,-0.20782,0.36573
0.2249,-0.42759,0.029,0.56114,0.2849,1.2362,0.78761,1.0727,0.41497,0.93684
-0.3123,0.21004,0.029305,0.56705,0.2879,1.7001,1.3297,-0.5981,-2.5294,0.099341
0.2251,0.21044,-0.04843,-0.93712,-0.47578,0.43217,1.0409,0.57724,-0.072533,0.95219
0.22525,-0.42422,0.02985,0.57759,0.29325,1.0412,-0.54071,1.2291,0.92701,-0.73695
0.22652,0.21124,0.029891,0.57838,0.29365,0.13227,0.48459,-1.5812,0.12395,-0.0089785
0.22666,-0.4238,0.029987,0.58025,0.2946,-0.0079557,-0.041699,0.13058,-0.51759,1.4633
0.22955,-0.42207,-0.048052,-0.92979,-0.47207,0.88206,1.4463,0.24494,-0.092665,-1.8471
0.22994,0.21196,-0.047902,-0.9269,-0.4706,-0.82707,-0.45229,-0.65163,1.2586,-0.18166
0.23031,0.2123,0.029994,0.58038,0.29466,-0.54702,0.91609,-0.97091,-1.177,1.274
-0.31157,-0.41189,-0.047738,-0.92372,-0.46898,-1.1787,-1.1574,1.1373,-0.50295,0.51744
0.23042,-0.41077,0.03038,0.58784,0.29845,-0.064234,-0.79227,-0.49756,-0.23614,-0.25123
-0.30721,0.22257,-0.04769,-0.92279,-0.46851,-1.1002,0.12248,0.18429,0.25936,-0.016168
-0.30644,0.22345,0.030404,0.58832,0.29869,0.71418,-0.84405,-0.45019,-1.8098,0.95737
0.23204,0.22413,-0.047648,-0.92198,-0.4681,-1.4003,-0.20307,0.26017,-0.69301,0.37783
0.23264,0.22625,0.030424,0.5887,0.29889,-0.020175,0.1463,0.42317,-0.58196,-0.07228
-0.30491,0.2266,0.030474,0.58966,0.29938,-0.13067,0.079976,0.50819,1.087,0.76793
-0.30448,0.22757,0.03057,0.59152,0.30032,0.96408,1.158,0.33938,-0.55639,0.034461
0.23463,0.22804,0.030817,0.59631,0.30275,0.21983,2.2828,-0.85644,-1.2602,-0.092306
0.23616,-0.40999,-0.047519,-0.91949,-0.46683,1.8753,-0.42558,0.76549,-1.5141,-1.7248
-0.30343,-0.40738,0.03129,0.60546,0.3074,-1.514,0.36446,0.87612,0.26062,-1.0269
0.23731,0.23084,0.031399,0.60757,0.30847,0.37034,-1.0835,0.33803,-1.0076,1.6687
0.23891,0.23181,-0.047281,-0.91487,-0.46449,-0.84403,0.75339,1.3724,0.45498,-1.2456
-0.30132,-0.40686,0.031447,0.60849,0.30894,-1.3903,0.49046,0.58155,-0.45934,1.1004
-0.30085,0.23383,0.031513,0.60977,0.30959,0.49323,0.86959,-0.4011,-0.46386,-0.010119
0.23924,-0.40662,-0.047203,-0.91336,-0.46372,1.1618,0.85792,-0.83831,-0.21069,0.14799
0.23961,0.23459,0.031924,0.61772,0.31362,0.29639,0.17526,0.12338,-2.3982,0.087949
0.24039,-0.39512,0.031987,0.61894,0.31424,-0.27712,-0.4707,1.5593,-1.3721,-0.188
-0.29795,-0.39172,0.032142,0.62195,0.31577,1.3023,1.9248,-0.94276,-0.32841,1.469
0.24087,0.23643,-0.046734,-0.9043,-0.45912,-0.39054,0.43684,0.37422,-0.11774,0.14538
-0.29742,-0.39084,0.03222,0.62345,0.31653,-1.1763,-0.19149,0.78187,1.4348,0.36222
0.24248,-0.38726,-0.046357,-0.89699,-0.45541,0.6965,0.36057,0.92904,-0.62501,-1.0052
-0.29511,0.24046,0.032397,0.62687,0.31827,1.5516,0.71737,0.10098,0.15321,-0.84485
-0.29468,-0.38508,0.032594,0.63068,0.3202,0.12715,0.71568,0.75999,-0.2181,-0.16867
0.24354,0.24256,0.03265,0.63177,0.32076,-0.49919,-0.78109,-1.6059,-0.67678,-2.1609
0.24616,0.24507,0.032657,0.63191,0.32083,-1.5685,-0.65535,-0.47712,0.41169,1.5681
0.24689,0.2458,-0.045859,-0.88737,-0.45053,-0.39015,-1.2233,-0.1291,-0.5772,1.5359
-0.29433,0.24621,-0.045823,-0.88667,-0.45017,0.59737,-0.58933,-0.519,-1.2724,0.95203
0.24723,0.24825,0.032671,0.63218,0.32096,-1.0653,-1.9484,0.41228,0.53709,-0.42672
0.2508,-0.38307,0.03279,0.63448,0.32213,-1.6031,0.28595,0.10764,-0.01973,-0.28217
0.25087,-0.38259,0.032905,0.63671,0.32326,-0.30718,-0.66771,0.19893,2.4883,0.41767
-0.29318,0.24841,-0.045738,-0.88503,-0.44934,-0.70087,0.44787,-2.0901,-2.5252,-0.26358
0.2516,0.24892,-0.045244,-0.87547,-0.44448,-1.1061,-0.024989,-0.5294,0.02477,0.67728
0.25173,-0.37953,0.033027,0.63907,0.32446,0.55144,-1.1447,1.124,0.22666,0.7664
-0.29231,-0.37482,-0.044948,-0.86973,-0.44157,-1.1307,-1.3241,-0.074713,-1.4496,-0.36474
0.2537,-0.37353,0.033356,0.64543,0.32769,1.0635,0.87066,-0.45668,-1.6436,-0.11987
-0.29136,-0.37329,0.03382,0.65442,0.33225,0.17906,-0.28173,-0.13642,0.56576,1.1041
-0.28948,0.2504,-0.044591,-0.86282,-0.43806,-1.7702,-1.221,-0.50312,-0.96454,-0.19525
-0.28723,0.25133,-0.044321,-0.8576,-0.43541,-0.72728,-0.90742,-0.81458,0.051615,1.6805
-0.28525,0.25168,-0.044232,-0.85587,-0.43454,-0.12779,-0.71174,-1.1131,-0.47722,0.5982
0.25562,-0.37202,-0.043985,-0.8511,-0.43211,0.28513,0.039304,0.57264,-0.033468,0.34019
0.25763,-0.37077,-0.043706,-0.84571,-0.42938,-0.74148,0.14756,-0.091344,-0.81163,-0.6416
-0.28478,-0.37054,-0.043224,-0.83637,-0.42463,0.0025151,0.091824,-0.29297,-0.050801,1.5727
-0.28314,-0.36872,-0.043206,-0.83602,-0.42446,0.89043,-0.35517,0.33386,0.22083,-0.61404
-0.28203,-0.36737,-0.042992,-0.83189,-0.42236,-1.4234,-0.43542,-1.757,-0.66812,-0.07731
0.25851,0.25206,0.033844,0.65487,0.33249,1.9345,-1.3158,0.26506,0.85735,0.096271
0.25871,-0.36705,0.033935,0.65664,0.33338,-0.0072225,-0.10958,-1.381,0.46949,0.34618
0.25946,-0.36609,0.034313,0.66395,0.33709,-1.1067,0.72052,0.28434,0.92865,-0.67183
-0.28106,0.2522,-0.042854,-0.82921,-0.421,1.7815,0.86919,0.4652,0.22729,1.2282
-0.28104,-0.36114,-0.042802,-0.82821,-0.42049,1.1597,-0.73766,-0.0025385,0.060639,1.0124
-0.28062,-0.35792,0.034358,0.66481,0.33753,2.2853,-0.89122,-0.42256,-1.8649,-0.32278
0.26122,0.25334,0.034435,0.66632,0.3383,-0.93974,-0.27542,1.031,-0.082902,-0.78696
0.26203,-0.35289,0.034538,0.6683,0.3393,1.2924,0.7523,1.4786,0.88647,-1.0619
-0.27703,0.25432,0.03474,0.67221,0.34129,0.67776,0.16139,-0.4088,0.21445,0.086468
0.26236,-0.35251,-0.042015,-0.81297,-0.41276,0.29084,0.41606,-1.3917,-1.0716,0.43359
0.26274,-0.35156,-0.041928,-0.81131,-0.41191,-0.46114,-0.74343,0.1955,-0.18008,-1.1095
-0.27623,0.25434,0.035229,0.68167,0.34609,-0.23181,-0.38097,0.559,-1.6435,-3.1104
-0.27473,-0.35051,-0.041797,-0.80876,-0.41062,0.95384,1.2327,0.69371,-0.56483,-0.57177
-0.27431,0.25528,-0.041744,-0.80774,-0.4101,0.63122,2.4396,-0.54806,0.36578,-0.022643
0.26316,0.25761,-0.041702,-0.80692,-0.40968,0.71558,-0.5525,1.2308,0.81905,-1.2911
-0.27256,0.26019,0.03528,0.68267,0.3466,-0.65281,1.6655,0.30852,-0.19224,-2.6477
-0.27209,0.26054,-0.041675,-0.8064,-0.40942,-0.3508,-0.32392,-1.3532,0.057944,-1.418
-0.26948,-0.34996,0.035508,0.68708,0.34884,-0.06553,-0.2342,-0.82262,-0.62564,-1.5265
-0.26842,-0.3489,-0.041467,-0.80237,-0.40737,0.28126,-0.30358,0.22544,1.8262,0.30455
0.26387,-0.34741,-0.041254,-0.79826,-0.40528,-1.1095,0.43626,-0.4904,0.56386,0.68056
-0.26728,-0.34539,-0.041026,-0.79384,-0.40304,-0.70215,0.41611,1.0227,0.050134,-0.39298
-0.26602,0.26206,-0.040904,-0.79148,-0.40184,1.6451,0.2842,0.042811,1.1608,0.39833
-0.26518,-0.34377,0.035615,0.68915,0.34989,-0.081036,0.7133,2.2741,-1.4223,0.86374
-0.26418,0.26625,-0.040891,-0.79123,-0.40171,0.97081,0.72698,-0.62814,-0.96712,-1.2585
-0.26403,-0.34234,-0.040795,-0.78938,-0.40077,1.1122,1.5357,-0.44986,-1.6026,-0.29629
0.26619,0.26634,-0.040446,-0.78261,-0.39734,-1.8424,1.0787,1.2995,0.21627,-0.17446
-0.26125,0.2689,0.035687,0.69054,0.35059,-0.71976,-0.50769,1.1713,0.37966,0.12004
-0.26083,-0.33871,-0.040424,-0.7822,-0.39713,-0.5403,-0.079376,-0.5084,0.045038,0.075067
0.26638,0.27072,-0.040171,-0.77729,-0.39464,0.7489,0.2843,2.0508,1.0415,0.35112
0.26689,-0.33775,0.03573,0.69137,0.35102,-1.1986,1.6934,-1.2111,0.68348,-1.0866
0.26691,-0.33029,-0.040162,-0.77713,-0.39456,0.89468,-1.4091,-0.99957,-0.61597,-0.38383
0.26842,-0.32848,-0.040052,-0.775,-0.39348,-1.8282,0.87567,1.593,-0.4194,-1.5027
-0.25944,-0.32838,-0.039919,-0.77242,-0.39216,0.068428,-0.39596,1.0679,0.25897,-0.10298
0.26928,0.27527,0.035757,0.69188,0.35128,-0.18512,-0.62671,1.396,0.0060457,0.51185
0.2711,-0.32511,-0.039083,-0.75625,-0.38395,0.5756,-1.4012,-0.39519,-0.95924,1.2431
-0.25913,-0.32474,0.035812,0.69295,0.35182,-1.9011,0.27328,0.25583,0.22973,-1.0358
0.27375,-0.32289,-0.038747,-0.74974,-0.38065,-0.67093,0.1434,-1.0638,0.25704,1.5056
-0.25907,-0.32217,0.03601,0.69678,0.35376,-1.3155,-0.038821,0.087012,0.29565,-0.36401
0.27651,-0.32121,0.036269,0.7018,0.35631,0.12943,-0.11291,-0.44051,-0.96439,0.70936
-0.25837,0.27765,-0.038712,-0.74907,-0.38031,1.2555,0.3541,0.42635,1.1257,0.86168
-0.25625,0.278,-0.038652,-0.74792,-0.37972,-0.74787,-0.89625,0.42225,1.9379,-1.0364
-0.25382,-0.31978,0.036284,0.70208,0.35645,-0.46119,-0.090168,0.10072,0.013678,-0.65808
0.2775,0.27886,0.036363,0.70361,0.35723,-0.25441,0.70448,0.52623,0.89742,-1.1478
0.27856,-0.31832,-0.038636,-0.7476,-0.37956,0.61725,1.5639,0.68356,0.32926,0.31979
-0.2528,0.28174,-0.0386,-0.74691,-0.37921,-0.33604,0.91901,0.94036,0.91246,0.066265
0.27858,-0.31763,0.036573,0.70767,0.35929,-1.4049,-0.31464,-1.2928,-0.66101,-0.97009
0.27952,0.28417,-0.038285,-0.74082,-0.37612,1.3552,1.397,0.54725,1.6635,0.63342
0.28455,-0.31551,-0.038191,-0.73899,-0.37519,-0.26645,-0.78008,0.45285,-0.38122,-1.0517
0.28718,0.28471,-0.03787,-0.73277,-0.37204,-0.33941,0.81286,1.4716,-0.20977,0.45037
-0.2524,-0.31551,-0.037869,-0.73276,-0.37203,1.6438,0.68282,-1.7023,0.25468,0.76428
-0.25237,-0.31381,0.037312,0.72197,0.36655,-1.0122,-0.56835,-0.5456,0.002052,0.55641
0.28861,-0.31295,-0.037806,-0.73154,-0.37141,-0.93549,-0.16205,0.28025,0.50555,-0.70847
-0.24771,0.28562,0.037444,0.72452,0.36785,-0.7538,-0.25517,0.41436,0.27895,0.3471
0.29037,-0.31121,-0.037557,-0.72672,-0.36896,1.815,0.90202,-1.0368,0.77144,-2.3268
0.29269,0.28623,-0.037482,-0.72527,-0.36822,1.1352,0.18232,1.3778,-0.26801,1.3852
-0.24664,-0.3112,-0.037361,-0.72293,-0.36704,0.8889,-0.25604,0.7215,0.3033,-1.0402
0.2929,-0.31098,0.037762,0.73069,0.37098,0.73241,0.7472,0.72172,-0.328,-0.38406
-0.24407,0.28737,0.037839,0.73217,0.37173,-0.7076,-0.098976,0.44358,0.31644,0.68679
0.293,-0.31069,-0.037333,-0.72239,-0.36676,-0.16232,0.95561,-1.5373,1.292,0.45534
0.2937,-0.30959,0.037976,0.73483,0.37308,-1.1329,-0.39352,0.84851,0.50179,-0.46275
-0.24286,-0.3093,0.038642,0.74771,0.37962,0.15844,0.97989,-0.055022,-0.33202,-0.36441
-0.24253,-0.30829,0.038997,0.75459,0.38311,0.65551,0.53245,-0.094598,0.74624,-0.99909
0.2951,0.28845,0.039102,0.75661,0.38414,0.065199,0.61732,-2.299,-0.12949,0.030559
-0.23976,0.2895,-0.03718,-0.71942,-0.36526,-0.84794,-0.23071,-0.6565,-0.098285,0.53866
0.29709,0.29096,-0.037099,-0.71785,-0.36446,-1.1344,-0.27852,0.65225,0.59634,-0.38262
0.29941,-0.30624,-0.037,-0.71595,-0.36349,1.3598,-1.2998,1.4812,0.95617,0.19395
0.30204,-0.30317,0.039112,0.75682,0.38424,1.8161,1.3094,-0.72643,-0.0095978,0.39102
-0.23394,0.29246,-0.036899,-0.71399,-0.3625,0.896,0.81145,0.16306,0.15838,-2.4228
-0.23271,0.29355,0.039183,0.75819,0.38494,-0.20043,0.48887,-0.46977,0.22003,-2.0254
-0.22731,0.29796,-0.036832,-0.71269,-0.36184,-0.96587,0.36952,-0.75714,0.6514,-0.087531
-0.22723,0.29945,-0.036502,-0.70631,-0.3586,-1.8557,1.2168,-2.0936,1.1879,-0.089392
0.3072,-0.3026,0.039374,0.76189,0.38682,-1.1089,-1.1122,0.55503,0.52488,-0.21369
-0.22652,-0.30244,-0.036278,-0.70197,-0.3564,-2.1074,0.93816,-0.72753,0.21445,0.12609
0.30942,0.29963,-0.036134,-0.69919,-0.35499,1.0158,-1.2687,0.16355,-1.3821,0.81883
-0.22597,0.3011,-0.035798,-0.69269,-0.35169,1.0766,1.0788,1.6265,0.52524,0.12642
0.3115,0.30151,-0.035721,-0.6912,-0.35093,1.6935,0.18734,-0.51861,-1.3952,-1.3133
-0.22597,-0.30075,-0.035633,-0.6895,-0.35006,0.34915,0.089028,0.72721,-0.13722,-1.3175
-0.22544,0.30418,-0.035416,-0.68529,-0.34793,-0.7682,-0.616,0.83554,-0.23032,-1.0729
0.31173,-0.29981,0.039563,0.76554,0.38867,-1.3465,-0.028347,0.58519,0.76009,0.99188
-0.22502,-0.2988,-0.035285,-0.68276,-0.34664,1.7787,-0.90512,0.10782,-0.17434,-0.42614
0.31224,0.30487,0.039686,0.76792,0.38988,0.048656,0.89555,-0.28831,0.73196,1.3042
0.3127,0.30602,-0.035145,-0.68005,-0.34527,0.023942,1.1668,-0.13533,-0.19355,0.56343
0.31588,0.30692,-0.035041,-0.67803,-0.34424,0.034899,-1.1878,-0.05036,-1.0016,-1.4217
0.31973,0.30979,-0.034855,-0.67445,-0.34242,-1.7519,0.66711,-1.9908,1.2226,0.90049
0.32012,-0.2983,-0.034845,-0.67425,-0.34232,-1.5301,1.2355,0.64876,2.0598,-2.0185
-0.22261,0.30985,-0.03473,-0.67202,-0.34119,1.7946,-1.9436,-0.56568,-1.226,-0.8216
0.3213,-0.29696,-0.034702,-0.67148,-0.34091,-0.37958,0.9627,0.01574,-0.19747,-1.2339
-0.22134,0.31108,-0.03438,-0.66525,-0.33775,-0.84521,1.8114,-3.2831,-0.53766,0.16441
-0.22002,-0.29625,-0.034284,-0.66339,-0.33681,0.013404,1.7916,-1.2989,-0.88094,0.25531
-0.21906,0.31135,0.039783,0.76978,0.39083,-0.47272,-0.72049,0.068496,0.54095,0.37233
0.32279,-0.29566,0.039945,0.77293,0.39243,1.2475,-0.023124,1.4984,-1.6986,0.23834
0.32436,-0.29555,-0.034169,-0.66117,-0.33568,-0.49028,-0.56846,0.64481,-1.8069,-0.75652
0.32591,0.31469,0.039965,0.77332,0.39262,-1.3454,-0.44526,1.4121,-0.26656,-0.7559
-0.21839,0.315,-0.033922,-0.65638,-0.33325,-0.79575,1.1251,-1.1437,0.45082,0.58262
-0.21727,0.31553,-0.033629,-0.65072,-0.33038,0.5578,1.0984,-1.2408,-0.94764,0.84805
-0.21707,-0.29277,0.040263,0.77908,0.39555,-0.097202,1.4786,-0.3639,1.8822,0.13784
-0.21683,0.31889,0.040336,0.7805,0.39627,0.77594,0.63959,-1.6625,-0.41466,0.30976
-0.21551,-0.29242,0.040419,0.78211,0.39708,-0.9668,1.0589,-0.19962,0.87572,1.806
0.3264,0.3189,-0.033603,-0.65021,-0.33012,0.29332,-0.25038,-0.70789,-2.6831,2.991
0.32806,-0.2889,0.040528,0.78421,0.39815,-0.88917,0.85824,-1.1566,-2.0139,-0.79565
0.33028,0.31918,0.040695,0.78744,0.39979,0.85347,-0.085059,-0.026508,-0.54455,0.62977
-0.21231,-0.28855,0.041037,0.79406,0.40315,-0.59996,-1.124,0.18166,1.7504,-0.32758
-0.21167,0.32122,0.041227,0.79774,0.40502,-0.23775,0.023302,0.69697,0.17535,0.64459
-0.21086,0.32398,0.041549,0.80396,0.40818,-0.27637,1.664,0.58939,-1.471,-0.36782
-0.21081,-0.28694,-0.033536,-0.64891,-0.32946,0.74065,1.0055,-0.72081,-0.66653,1.2145
-0.20732,0.32508,-0.033129,-0.64103,-0.32546,-0.96129,-0.41297,-0.61995,0.035209,-0.64248
0.33113,-0.28672,-0.032997,-0.63849,-0.32417,-0.17388,-0.85302,-0.39881,1.8215,0.89056
-0.20672,-0.28426,-0.032953,-0.63764,-0.32374,2.1132,-1.0651,0.48837,0.26076,0.019129
-0.20622,0.32742,-0.032915,-0.6369,-0.32336,-1.5546,0.30045,0.24531,1.0735,0.11371
0.33156,0.33009,0.041654,0.806,0.40921,1.0686,0.25908,-0.91848,0.70714,0.17238
0.33213,0.33199,-0.032881,-0.63624,-0.32303,-0.16058,0.68601,0.68682,1.2876,-0.27362
0.33478,-0.27948,-0.032612,-0.63104,-0.32039,0.87633,0.39181,1.8235,1.0161,1.4931
0.33655,0.33206,0.041667,0.80624,0.40934,-0.21017,-1.7451,0.82349,-0.054705,0.42707
0.33818,0.33548,-0.032575,-0.63032,-0.32002,-0.1561,-1.4074,-1.0693,-0.024132,0.12695
0.33908,0.33581,0.041773,0.8083,0.41038,-0.61308,-0.10503,0.13064,0.8727,-0.14187
-0.2052,0.33676,0.042071,0.81406,0.41331,-0.25614,1.4376,0.99013,0.17814,0.29882
-0.20361,-0.2786,0.042188,0.81634,0.41446,-0.10719,0.69311,0.68672,0.71485,1.5548
0.3403,0.33689,0.042378,0.82001,0.41633,0.367,1.3882,0.62286,0.33636,-1.1696
-0.20205,-0.27682,0.042409,0.8206,0.41663,1.42,0.24617,1.1797,0.64235,-0.29823
0.3436,-0.27162,0.043017,0.83237,0.4226,-0.93665,-0.93338,-0.6591,-0.42432,0.10353
-0.20178,0.33695,-0.032513,-0.62913,-0.31942,2.5519,0.68466,-1.7825,-0.068581,0.84246
-0.20028,-0.27129,0.043032,0.83266,0.42275,-1.2165,0.8546,0.3728,-0.57494,-0.31364
0.3442,-0.26836,-0.031998,-0.61915,-0.31435,-0.10771,0.96685,1.0764,-0.74277,0.086964
0.34649,-0.26822,-0.031926,-0.61777,-0.31365,-0.654,-3.1243,-0.66683,0.25545,2.1763
0.34664,0.33855,0.043232,0.83653,0.42472,1.3181,0.015268,1.1852,0.95577,-0.77202
0.34852,0.33937,-0.031919,-0.61762,-0.31357,-1.6936,0.50894,0.35991,0.71233,-0.45888
0.34907,-0.26802,0.043272,0.8373,0.42511,-0.23098,0.058053,2.2637,0.67029,-0.4355
0.34953,-0.26732,0.043542,0.84253,0.42776,0.90502,-1.1238,-1.6702,-0.23911,0.6151
-0.20002,-0.26671,-0.031725,-0.61388,-0.31167,-0.042388,-0.12194,0.48833,0.080562,-0.40858
-0.19894,0.34092,0.043583,0.84332,0.42816,-0.34199,-1.1711,0.32815,-0.32007,0.95492
-0.19783,0.34234,0.044806,0.86699,0.44018,-1.6809,-0.68659,1.1053,-0.57539,0.89979
-0.1966,-0.26501,0.045256,0.87569,0.4446,0.74435,0.48324,0.10653,0.6017,-0.080105
-0.19487,-0.26323,-0.031721,-0.6138,-0.31163,2.0875,-0.25635,1.3601,0.7536,0.65095
0.35314,0.34378,0.045393,0.87835,0.44595,-2.4792,-1.3531,-1.1917,1.0802,1.9295
0.35478,-0.26169,-0.031516,-0.60983,-0.30962,0.17524,0.44392,0.44665,-0.94951,-1.1837
0.35496,0.35053,0.045422,0.87891,0.44623,-0.2268,0.71952,-0.022281,-1.1114,-0.018015
0.35849,-0.25566,-0.031427,-0.60811,-0.30874,-0.80693,0.24703,0.82137,0.59489,-0.53787
0.35857,0.35169,-0.031382,-0.60724,-0.3083,0.19386,-1.3834,0.22361,0.66591,1.4751
-0.19457,-0.25488,0.045443,0.87931,0.44644,0.91314,-0.90997,-0.017725,-0.82653,1.144
0.35896,0.35287,0.045484,0.88011,0.44684,0.78988,0.43411,-0.72731,0.23396,-1.456
0.36042,0.35534,0.046145,0.8929,0.45333,0.87734,-1.2187,-0.15798,1.6374,-1.0029
-0.19422,0.35881,0.046201,0.89398,0.45388,-0.4172,-0.28053,1.4238,0.3566,0.97051
0.36185,0.35934,0.046321,0.89629,0.45506,1.7867,-0.45918,-0.20187,-0.15318,2.3569
0.36414,-0.25378,0.046478,0.89933,0.4566,0.4058,-1.6585,-0.055279,-0.061108,-0.51965
-0.19283,-0.25326,0.04663,0.90229,0.4581,0.23202,-0.47577,-0.1436,-0.22815,2.404
0.36657,-0.24967,0.047151,0.91236,0.46321,-0.69584,0.40169,-0.99927,0.18195,0.97751
0.36691,0.36409,0.047231,0.91392,0.464,-1.2257,1.8798,0.86717,0.36996,-1.1202
0.36799,-0.24908,-0.031355,-0.60671,-0.30803,1.6009,1.5597,0.90214,0.38986,-0.63467
-0.19241,-0.24713,-0.031351,-0.60664,-0.308,0.80787,-1.9431,-0.51585,0.74772,1.1369
0.36825,0.36927,0.047351,0.91623,0.46518,0.014757,1.3366,0.5484,1.0177,-0.4239
-0.19176,-0.2471,0.04765,0.92201,0.46812,-0.60068,0.20754,0.26476,1.0821,0.50568
-0.19121,0.37031,-0.031286,-0.60537,-0.30735,-0.14287,-0.58019,2.8456,-0.87016,1.7117
-0.1861,-0.24709,0.048051,0.92977,0.47205,-1.1037,0.37545,-0.12508,-1.4935,0.11895
-0.18396,-0.24668,-0.031025,-0.60032,-0.30479,-0.13735,-0.5923,-1.2046,-1.0361,1.3944
0.36905,-0.24556,-0.03078,-0.59559,-0.30239,-0.53576,-1.1867,1.9504,1.365,-0.48655
-0.18339,-0.24491,0.048112,0.93095,0.47265,-0.8942,-1.0572,0.4899,0.10582,-0.49054
-0.18318,0.37138,0.048398,0.93649,0.47546,0.47537,0.60569,1.2928,-0.66369,0.044317
-0.18304,-0.24464,-0.030621,-0.59252,-0.30083,-0.54822,-1.1144,1.8116,0.67261,-1.7801
0.3692,-0.24372,0.048505,0.93856,0.47652,0.15135,1.5924,0.44031,0.19192,0.78454
-0.18144,0.37212,0.048542,0.93927,0.47688,0.29834,0.12654,0.62953,0.78609,0.83632
0.37139,0.37707,-0.030594,-0.59199,-0.30056,1.5773,0.71324,-0.06834,-0.59085,-0.30096
-0.17889,0.37734,0.049051,0.94913,0.48188,-1.0088,-0.35612,-0.71426,0.46879,0.42424
0.37171,-0.24246,-0.03057,-0.59152,-0.30032,-1.5091,-0.13178,0.87145,1.448,1.1856
0.37176,0.37741,-0.030411,-0.58844,-0.29876,-0.27869,-0.35273,1.5316,0.47597,-0.35585
0.37247,-0.2397,-0.030406,-0.58835,-0.29871,0.44704,0.87453,1.2802,-1.294,-0.80446
-0.17861,-0.23963,-0.029831,-0.57722,-0.29306,0.25596,-0.077543,-1.0977,-1.0627,-0.17309
-0.17453,0.3781,-0.029818,-0.57698,-0.29294,0.7117,0.96351,-0.88421,0.1942,0.40597
-0.17231,-0.23872,0.049075,0.9496,0.48212,0.71076,0.037069,-0.3569,-0.08266,0.26993
-0.17169,0.38088,-0.029715,-0.57497,-0.29192,0.4606,1.5738,-2.1308,0.15919,-1.937
-0.17085,-0.23618,-0.029559,-0.57195,-0.29039,-1.5308,-0.85777,-1.0213,0.47748,0.34912
0.37328,-0.23202,0.049133,0.95072,0.48269,0.71855,0.27256,-2.0903,-0.34764,0.52639
0.37636,0.38254,0.049374,0.95537,0.48505,-0.23496,-0.034666,-0.10923,-0.53979,1.2589
-0.16861,-0.23069,0.049392,0.95573,0.48523,-0.58962,0.48677,1.135,0.072118,1.8087
0.37639,-0.22954,-0.029558,-0.57193,-0.29038,-0.63716,0.17966,-1.5014,1.3488,-1.1688
-0.16784,-0.22553,0.049459,0.95702,0.48589,-0.92301,1.3048,0.35939,-1.117,-0.33887
0.38321,0.38324,0.049491,0.95763,0.4862,-0.79804,0.49357,-0.094351,0.96948,1.6083
-0.16716,0.3866,-0.029477,-0.57037,-0.28958,1.5912,1.2919,0.052465,0.66562,-1.2263
-0.16655,-0.22355,-0.02947,-0.57024,-0.28952,-1.0018,0.40835,0.24622,0.39355,-1.0828
-0.16561,-0.22323,0.049562,0.95901,0.4869,1.5284,-0.4078,-0.50781,-0.5262,-0.21607
0.38553,-0.22222,0.049737,0.96241,0.48863,0.8014,1.5121,1.1491,0.63111,-0.42682
-0.16535,0.3867,0.049803,0.96368,0.48927,0.55664,1.0931,-0.10532,0.0616,1.509
-0.16413,-0.22134,-0.029419,-0.56926,-0.28902,1.5985,-0.31455,1.6228,1.2909,-0.7185
0.3884,-0.22075,0.049845,0.96449,0.48968,-0.56201,0.48081,0.65137,0.68889,-1.6522
0.38985,0.3882,0.049982,0.96714,0.49103,-0.1199,-0.31759,0.10368,-0.12166,-1.0474
0.3906,0.38922,0.050009,0.96766,0.49129,0.13898,0.35538,0.41058,-0.0014917,-0.24337
-0.16407,0.39224,0.050045,0.96837,0.49165,-0.43516,0.10416,1.69,0.6499,-0.33791
-0.16396,0.39364,0.050765,0.98229,0.49872,1.5864,0.32259,0.0050749,0.036075,-1.4307
-0.16081,-0.21859,-0.029372,-0.56834,-0.28855,-0.28031,1.0462,1.7028,-0.59474,-0.24253
-0.15989,0.39566,0.05158,0.99805,0.50672,0.33181,-0.79509,-0.28675,-2.1199,-2.6709
-0.15685,-0.21764,-0.029332,-0.56757,-0.28816,-0.56922,-1.0012,-0.71238,0.35766,0.69749
-0.15643,-0.21615,0.051853,1.0033,0.50941,-1.1793,0.14126,0.3076,0.50603,0.14575
-0.15526,-0.21468,0.052037,1.0069,0.51121,-1.4459,-0.10782,0.74592,-0.40125,-0.1014
0.39116,-0.21429,0.052167,1.0094,0.51249,0.97526,2.1006,0.2192,-0.75507,-1.1519
0.39293,0.39895,-0.029028,-0.56169,-0.28518,0.11597,-0.28287,-0.72423,0.43699,0.98035
-0.15441,0.40254,-0.028582,-0.55305,-0.28079,-0.67654,0.5604,0.94739,-0.1739,-0.95175
-0.15244,0.40304,0.0523,1.012,0.5138,1.2554,0.71987,0.80272,0.96018,0.16017
-0.15205,0.40491,-0.028521,-0.55187,-0.28019,-1.0142,-0.68651,0.89883,-0.7569,-1.4392
0.39316,0.40659,-0.02851,-0.55166,-0.28009,0.12084,-0.15243,-0.04115,-2.4637,-0.83983
-0.14929,-0.21085,-0.028472,-0.55094,-0.27972,0.39182,-1.3437,0.069642,-1.0207,0.16213
-0.14925,0.40912,-0.028372,-0.54899,-0.27873,-1.1799,-0.94593,-2.501,0.00072512,-0.13117
0.39368,-0.20588,0.052402,1.014,0.5148,-0.11417,1.1968,-0.50114,0.54017,0.31399
0.39555,0.40988,-0.028172,-0.54512,-0.27676,-1.0481,0.67465,-0.076064,0.59888,-0.88827
0.39582,0.41095,0.052469,1.0153,0.51546,0.027311,-0.058687,-1.3704,0.22687,0.099229
-0.147,0.41295,0.052528,1.0164,0.51604,0.726,-0.058589,0.85265,-0.041032,1.2593
-0.14695,-0.20433,-0.02761,-0.53425,-0.27124,0.56983,0.15302,-0.59094,-0.096269,1.1189
0.39601,-0.20249,0.052831,1.0223,0.51902,-1.4837,-1.9677,-1.1842,0.2704,0.78494
-0.14658,-0.20035,-0.027512,-0.53236,-0.27028,-1.0805,0.61631,1.3709,1.4158,-1.0457
-0.14369,0.41438,-0.027398,-0.53014,-0.26916,0.37624,-0.47389,-0.26033,-0.67374,0.33229
0.39742,0.41457,-0.027267,-0.52762,-0.26788,0.64222,-0.95301,-0.61866,-1.3605,-0.10483
-0.14296,0.41593,0.053205,1.0295,0.52269,0.12414,-0.95925,-0.49266,0.089045,0.98838
-0.1429,0.41596,0.05336,1.0325,0.52422,1.0615,0.30614,-1.4407,-1.1045,1.0913
0.40031,-0.20003,0.053469,1.0346,0.52529,0.79903,0.3642,1.1809,0.93324,-1.5786
-0.14251,-0.19688,0.053533,1.0358,0.52591,1.1719,1.7036,0.73255,-0.38895,-0.92785
0.40165,-0.1962,-0.027235,-0.527,-0.26756,0.34911,-0.9986,-0.9476,0.11094,-0.66323
-0.1422,0.41723,0.053741,1.0399,0.52796,-0.57494,-0.36801,-0.26714,0.98519,-0.81107
0.40165,0.41761,-0.027097,-0.52432,-0.2662,2.0175,-2.2647,-1.31,-0.55708,-0.094103
-0.14217,0.41766,-0.026997,-0.52238,-0.26522,0.04093,-1.4247,-1.4982,0.12146,0.64646
0.40197,-0.19537,-0.026818,-0.51893,-0.26347,0.36721,0.23447,0.54988,0.41373,-0.24111
0.4055,-0.19351,0.054404,1.0527,0.53447,1.5864,-0.66295,0.14581,-0.45972,-0.48714
-0.13688,-0.19254,-0.026743,-0.51748,-0.26273,-0.17641,1.7705,1.0062,0.27012,1.12
0.40745,-0.18776,0.054497,1.0545,0.53538,-0.76082,-1.7584,-0.98729,-0.57531,-0.71104
-0.13674,0.42026,-0.026493,-0.51264,-0.26027,-0.057623,0.24413,0.75501,-0.58778,0.67194
-0.13667,-0.18564,0.054894,1.0622,0.53928,-0.62632,0.99866,1.3987,-2.0988,-1.8543
-0.13575,-0.18271,0.055049,1.0652,0.5408,-0.46138,-1.0707,-0.79183,1.0791,0.34716
-0.13518,0.42064,0.05533,1.0706,0.54356,-0.39998,-0.524,-0.75527,-1.5265,0.76488
0.40948,-0.18188,0.055356,1.0711,0.54382,1.6897,-1.9034,0.16317,0.55013,1.5954
-0.13516,0.42118,-0.026458,-0.51196,-0.25993,0.040393,-2.1779,-0.47595,-1.802,-1.4242
0.40956,0.425,0.055591,1.0757,0.54613,-1.0374,0.29582,0.058243,-0.58618,-0.64169
0.41234,0.42959,-0.026454,-0.51189,-0.25989,0.82817,-1.1286,0.3452,-0.10195,0.89278
-0.13515,0.432,0.055831,1.0803,0.54849,-0.18604,-0.44158,-0.01123,0.72272,-0.16428
-0.13437,-0.18157,0.056151,1.0865,0.55164,-0.9723,-0.26345,0.0071002,-1.3048,-0.053222
-0.13237,0.43392,0.056369,1.0907,0.55377,1.4219,1.9253,-1.0417,-1.5723,0.97269
-0.13231,-0.18116,-0.026407,-0.51096,-0.25942,0.70349,0.87014,0.53736,0.25371,2.652
0.41996,0.43442,-0.02624,-0.50773,-0.25778,-0.030523,0.59288,0.63811,0.8385,0.15849
0.42543,-0.18037,-0.026169,-0.50636,-0.25708,-0.62794,1.1844,-0.00042369,0.80686,0.68539
0.42573,-0.1801,-0.026165,-0.5063,-0.25705,-0.063201,-2.2353,0.98996,0.24933,-0.75042
-0.13075,-0.17916,-0.025943,-0.50199,-0.25487,-0.86046,-0.33226,0.090501,0.4557,1.4255
0.42861,0.43521,-0.025895,-0.50106,-0.25439,1.267,-0.50554,-0.70026,0.61707,-0.05515
0.43127,-0.17864,0.056529,1.0938,0.55535,-1.0982,0.92292,-1.2046,-0.26055,-0.56005
0.43312,-0.17815,0.056546,1.0941,0.55551,-0.48219,-1.1665,-1.8694,-1.6077,0.13219
0.43771,-0.17769,-0.025888,-0.50093,-0.25433,-1.0599,-0.96069,-0.34691,0.36623,0.46067
0.4389,-0.17735,-0.025833,-0.49986,-0.25378,-1.1307,-0.75121,-0.012523,-0.074594,-1.0124
-0.12885,-0.17565,-0.025772,-0.49868,-0.25319,1.3613,1.4861,0.21617,0.39103,0.48729
-0.12717,0.4372,-0.025613,-0.4956,-0.25162,-0.77803,-0.50245,-0.16316,-1.3377,0.811
0.44149,-0.17561,0.056651,1.0962,0.55654,0.042419,-0.77971,0.90915,-1.1881,0.86929
-0.12622,0.44008,0.056727,1.0977,0.55729,-1.2253,1.4178,-0.12442,-0.2249,1.3097
-0.12514,0.44034,-0.025514,-0.4937,-0.25066,-1.1398,-1.3651,-1.1892,-0.51177,-0.83998
0.44286,-0.17529,-0.025192,-0.48747,-0.24749,-0.45602,1.1541,1.6704,-0.11189,-0.14639
0.44677,-0.17365,0.056818,1.0994,0.55818,-0.8667,-2.226,0.82771,-0.16799,-1.0087
-0.12438,0.4425,-0.025078,-0.48526,-0.24637,0.31053,-1.6946,-2.1181,-1.1902,-0.63805
-0.12283,0.44393,0.057355,1.1098,0.56346,-0.35958,0.3256,-0.065083,0.10129,2.3688
0.45285,0.44499,0.057373,1.1102,0.56364,-0.7779,0.78141,2.3701,-0.35642,0.0046108
-0.12245,0.45243,0.057486,1.1123,0.56475,0.60775,0.21549,-0.79578,0.066711,1.0725
0.45513,0.45909,-0.024586,-0.47573,-0.24153,0.30637,0.76859,-0.63089,0.19482,-1.6801
0.45753,-0.17118,0.057502,1.1126,0.5649,-0.48287,0.24108,-0.24931,1.143,-0.55858
-0.12093,0.4595,-0.024547,-0.47499,-0.24116,2.3687,-0.22699,0.89256,0.14281,-0.3448
-0.11982,-0.17005,0.057657,1.1156,0.56642,0.46293,0.44019,-0.33798,-0.52577,-0.63483
-0.11964,-0.16981,-0.024526,-0.47458,-0.24095,-0.39877,-0.68411,-0.77254,-0.093508,-0.028775
-0.11849,0.46179,0.057776,1.118,0.5676,0.24836,1.0248,0.28913,0.2405,-0.30751
0.46331,0.46243,-0.024395,-0.47204,-0.23966,0.12871,-1.1389,0.18089,-1.4089,2.4642
0.46567,0.46299,-0.023763,-0.45981,-0.23345,0.45565,0.52234,0.39772,0.82732,-0.86561
-0.11841,-0.16832,-0.023686,-0.45832,-0.2327,0.059065,-1.0341,1.4193,-0.10249,-1.1189
-0.11734,-0.16823,-0.023288,-0.45061,-0.22878,-1.8665,0.62814,-0.7824,-0.41373,0.64449
-0.11707,-0.16481,-0.023277,-0.45041,-0.22868,1.7612,2.1869,-2.4568,-1.4351,1.027
-0.11683,-0.16398,-0.023006,-0.44515,-0.22601,0.097091,0.87695,1.9024,-1.2972,-1.3035
0.46601,0.46606,0.057953,1.1214,0.56933,-1.2528,-0.44729,0.63084,-0.4051,-0.43059
-0.11525,0.46636,-0.022692,-0.43908,-0.22293,-1.1221,-0.099703,-0.25162,-0.42105,-0.23568
-0.11441,0.47,0.057982,1.1219,0.56962,0.33204,-0.14049,1.8969,-1.0823,0.37509
-0.11228,0.4723,0.058113,1.1245,0.57091,0.016515,0.69218,0.7207,1.3903,0.27532
0.46814,-0.1638,0.058501,1.132,0.57472,-1.2006,0.66507,-0.19325,-0.88963,0.59046
-0.11223,-0.16247,0.058729,1.1364,0.57696,0.31207,0.7461,0.099326,0.97014,-0.75845
-0.1114,-0.16207,-0.022671,-0.43868,-0.22272,-0.46073,0.056853,0.94794,-1.2971,-0.14853
-0.1109,0.47268,0.058733,1.1365,0.577,-0.25815,-0.39463,-1.1519,-0.082014,-1.2462
-0.11074,0.47796,0.058768,1.1372,0.57735,0.2862,-1.4343,-1.9251,0.90406,-0.9576
0.46917,0.47824,0.058954,1.1408,0.57917,0.215,-1.6413,-0.21321,-0.4723,1.6636
0.47582,0.47946,0.058989,1.1414,0.57951,1.529,-0.57729,1.4022,-1.1927,-2.4472
0.47907,-0.16065,-0.022653,-0.43834,-0.22255,0.77845,1.8158,-0.75005,-0.75102,-0.0019698
0.48042,-0.15978,0.059548,1.1522,0.58501,0.18643,1.0433,-0.066996,-0.15524,-0.75571
0.48089,0.48028,-0.022652,-0.43832,-0.22254,-1.4754,-1.0201,0.22396,2.4392,-0.2349
-0.1088,0.48593,-0.022515,-0.43565,-0.22119,-0.39038,-1.3004,1.0233,1.1382,1.2116
0.48189,-0.15944,-0.022391,-0.43326,-0.21997,0.058738,1.1646,0.19885,1.7195,1.7599
-0.10852,0.48944,0.060404,1.1688,0.59342,1.3182,-1.6814,1.1652,-0.12405,-1.8356
-0.10698,-0.15881,-0.022314,-0.43178,-0.21922,-2.0344,-0.10262,1.8463,2.0689,-0.47342
-0.10584,0.49438,0.061221,1.1846,0.60144,-1.2051,-0.77193,-0.29112,-0.89436,1.3731
-0.10409,-0.15868,0.061731,1.1945,0.60645,0.98186,0.6605,1.297,-0.40569,0.001591
-0.10324,-0.15641,-0.022298,-0.43147,-0.21906,-1.0693,-0.60991,0.97477,1.7287,-2.3852
0.48294,0.49512,-0.022208,-0.42972,-0.21817,1.1272,0.37934,0.15518,-0.28193,-0.71103
-0.10265,0.49576,0.062161,1.2028,0.61068,-0.83385,-0.0041705,-0.077759,-0.36394,0.76992
0.48499,0.49677,0.06224,1.2043,0.61145,0.75136,1.7762,-0.35733,-1.1553,-1.2239
-0.10199,0.50126,0.062811,1.2154,0.61706,-0.12519,-0.96948,0.15022,0.51731,-1.0688
0.48505,0.50589,-0.022097,-0.42756,-0.21708,-2.2767,-0.13122,1.813,0.44169,1.9483
0.48852,0.50639,-0.022005,-0.42579,-0.21618,-0.030003,1.3392,-0.57366,1.6482,0.63301
-0.1017,-0.15482,-0.021714,-0.42015,-0.21332,0.46038,-0.44171,-0.66161,-2.1209,0.42422
-0.10096,0.5068,-0.021638,-0.4187,-0.21258,0.49374,0.48932,0.68463,0.98889,-0.018148
0.48881,0.50689,-0.021348,-0.41308,-0.20973,-0.7462,-0.60912,-0.88965,-1.2877,0.35064
-0.099063,0.50927,0.063891,1.2363,0.62767,-0.13827,-1.3424,-0.698,0.91681,0.30215
0.4914,-0.15368,0.063906,1.2366,0.62782,-1.4149,1.9338,-0.28022,1.1415,0.21083
-0.09847,0.51064,-0.020548,-0.39759,-0.20186,-0.86353,0.043468,1.103,-0.95536,-0.74255
-0.098161,0.51245,0.064371,1.2456,0.63239,2.0125,0.46024,1.0356,0.96997,-0.88083
-0.097889,-0.15132,0.064468,1.2474,0.63334,-1.1114,-0.32807,-0.23292,-0.61995,0.46261
0.49261,-0.15071,0.06457,1.2494,0.63434,1.9941,-0.38884,-0.58874,-0.19073,-0.050238
-0.096584,0.51255,-0.020485,-0.39638,-0.20124,-0.0192,0.051692,-0.47131,-0.10488,-0.41805
-0.095131,-0.15035,0.064831,1.2545,0.6369,1.3889,-0.016661,1.1144,0.47259,0.31878
-0.095073,-0.1494,-0.020419,-0.39511,-0.2006,-1.3001,1.2481,0.53573,-0.29615,-0.22402
0.49502,-0.14723,0.06492,1.2562,0.63778,0.999,-0.74642,-0.76947,0.85773,-0.56272
0.49563,-0.146,-0.020372,-0.39419,-0.20014,0.0074239,0.087724,0.44857,1.2887,-0.35419
-0.094649,0.5148,0.065526,1.2679,0.64373,0.49284,0.50376,-1.524,0.22494,-0.69106
0.49667,0.5152,-0.020285,-0.39251,-0.19928,0.81393,-0.23871,1.1773,-0.67924,-0.17805
0.50374,-0.14517,-0.020262,-0.39206,-0.19905,-0.3995,-0.38543,-0.029413,2.4413,0.68798
0.5047,0.51559,0.066034,1.2777,0.64872,0.031211,1.9665,1.2155,0.49343,1.8329
0.51047,0.51738,-0.020087,-0.38868,-0.19734,2.0008,-0.45488,-0.98601,1.0463,0.093336
-0.094034,0.51911,-0.020035,-0.38767,-0.19682,0.28836,0.85927,0.72961,1.2039,-1.2816
0.51286,0.52022,-0.019827,-0.38365,-0.19478,-0.28835,-0.065817,-0.20442,-0.56567,0.65755
-0.091867,0.52177,-0.019588,-0.37902,-0.19243,-1.8226,-0.28739,0.89545,-0.46812,-1.9186
0.51299,-0.14142,-0.019356,-0.37453,-0.19015,-0.25418,0.64575,0.60464,-0.50099,0.2856
0.51369,-0.14071,0.066726,1.2911,0.65552,-1.3613,-0.86562,-0.56997,1.0371,0.73295
-0.091347,0.52338,-0.019319,-0.37382,-0.18979,-0.53667,-0.54296,0.91844,-0.41373,-0.92471
-0.090932,0.52393,-0.019023,-0.36809,-0.18688,-0.26223,-0.18458,0.019,-0.37193,1.8796
0.51447,-0.13997,0.067196,1.3002,0.66014,0.057813,-0.34581,-0.96067,-0.11383,0.24494
0.51583,0.52462,-0.019022,-0.36808,-0.18688,-2.1029,-0.75006,-0.12712,1.2724,0.63431
-0.08963,-0.13865,-0.01834,-0.35487,-0.18017,0.82671,-0.51157,1.4519,-0.2195,0.33839
0.51622,-0.13832,-0.018229,-0.35273,-0.17908,-0.56537,-1.5825,-0.92594,-0.99413,1.3537
-0.089517,-0.13728,0.067218,1.3007,0.66036,-0.31292,-0.81057,0.24357,0.11226,0.25186
-0.08926,0.52786,0.067519,1.3065,0.66332,-1.381,2.013,-0.83425,-0.3214,-0.17658
0.51926,-0.13708,-0.018131,-0.35082,-0.17812,1.3854,-1.7076,-0.03509,-1.2018,0.19662
0.52019,0.52935,-0.017735,-0.34317,-0.17423,0.22569,-0.96969,1.771,0.072827,-0.79221
-0.088907,0.53029,0.067614,1.3083,0.66424,-0.030643,0.21869,0.88283,-0.092762,-0.14852
0.52136,0.5352,-0.017638,-0.34129,-0.17328,0.63444,0.28849,0.65243,-0.96604,0.090567
-0.088353,0.53773,0.068175,1.3192,0.66976,0.82418,0.41857,0.62182,0.24519,0.047713
-0.08818,0.5396,0.068523,1.3259,0.67317,1.2378,-1.6481,1.0567,0.77729,-0.52045
0.52455,-0.13686,-0.017335,-0.33543,-0.1703,0.53519,1.9201,-0.30603,-0.46693,-0.11058
-0.086025,0.54115,0.06904,1.3359,0.67826,1.0011,0.73419,-0.98863,0.14961,-1.8346
0.52558,-0.1364,-0.017252,-0.33383,-0.16949,-0.071316,0.2615,0.13289,0.074318,-0.082989
0.52654,0.54244,0.069327,1.3415,0.68107,0.45629,-1.1468,-1.0645,-0.64137,-0.67816
0.52728,0.5429,-0.017236,-0.33351,-0.16932,2.0134,0.67245,0.42511,-0.48056,-0.016938
-0.08456,0.54958,0.071009,1.374,0.6976,-6.8291e-05,1.6591,1.523,-0.42484,-2.1418
0.52736,0.55032,0.071078,1.3753,0.69827,-1.2182,1.2785,1.1489,-1.0212,-0.91747
-0.08414,0.55199,0.071158,1.3769,0.69906,-0.93036,0.054881,1.093,0.57713,-0.49119
-0.084068,0.55278,-0.017229,-0.33337,-0.16926,0.058848,0.58292,0.99719,1.2224,-0.38161
0.53196,-0.13635,-0.017191,-0.33265,-0.16889,1.05,0.32982,-1.4732,0.32497,0.13874
0.53199,-0.1325,0.071334,1.3803,0.70079,1.3911,-0.53914,-1.2422,0.17145,-0.17228
0.53261,0.55289,0.071748,1.3883,0.70485,-1.0173,0.84323,1.7237,-0.74502,-0.56928
0.53421,-0.13164,0.071859,1.3904,0.70594,0.31158,1.1815,1.215,1.0515,0.47785
-0.082724,-0.13094,0.071913,1.3915,0.70648,-0.38019,-0.90283,-0.062876,-0.90659,0.48964
-0.082139,0.55474,0.073049,1.4135,0.71764,0.50135,0.77764,-0.87842,-1.171,0.40726
0.53508,-0.12914,0.073078,1.4141,0.71793,0.83682,0.92251,-1.0343,1.2192,0.96782
-0.081268,-0.12855,-0.017015,-0.32923,-0.16715,1.59,0.59327,-0.0087536,1.0417,-0.66853
-0.080883,0.56054,-0.017008,-0.3291,-0.16709,-0.15553,-1.2876,1.0118,0.77872,-0.86559
0.53619,0.56405,-0.016817,-0.32541,-0.16522,0.65448,-0.8143,-0.98938,1.266,-0.19128
-0.080824,-0.12832,0.073315,1.4186,0.72025,-0.11731,-0.3071,-1.2801,-0.065666,0.54747
-0.08033,0.56705,-0.016768,-0.32446,-0.16473,0.064333,-0.3822,1.2937,-0.75278,-1.5335
0.53713,0.57075,-0.016593,-0.32108,-0.16301,0.74274,0.83951,-0.25683,-1.0276,1.645
-0.080119,-0.12807,0.073496,1.4221,0.72203,0.76243,-1.5631,-0.93364,1.1052,0.84843
-0.079548,0.57229,0.073799,1.428,0.72501,-0.60329,-1.2105,-0.51333,-0.64809,0.20918
-0.078867,0.57604,0.073807,1.4282,0.72509,-1.8605,0.42555,-1.5448,-1.4243,2.241
0.53833,0.5783,-0.016403,-0.3174,-0.16115,-0.95357,1.2495,-0.56556,0.47855,0.95919
0.53998,-0.12752,-0.016369,-0.31673,-0.16081,-0.31504,0.80607,0.98633,1.6382,1.0993
-0.078662,0.57887,-0.016188,-0.31324,-0.15903,1.9449,-0.033041,-0.91255,-0.26445,-2.2811
0.54167,-0.12728,0.074197,1.4357,0.72891,-0.57337,2.3305,1.2098,0.038479,-0.017
0.54289,-0.12687,0.075044,1.4521,0.73724,-1.446,-1.0067,-0.27395,0.10216,-1.4117
-0.075735,-0.12669,0.075759,1.4659,0.74426,-0.44664,0.97327,-0.32242,0.26233,-1.7754
-0.075313,-0.12666,0.076624,1.4827,0.75276,-0.74496,-0.085715,1.9188,0.3914,-1.096
0.544,-0.1257,-0.0161,-0.31153,-0.15817,-0.82812,-1.5488,-2.171,1.0332,-0.026297
-0.074124,-0.12415,0.07677,1.4855,0.75419,-0.39015,0.23927,0.10441,-0.96314,0.77724
-0.072237,-0.12381,-0.016098,-0.3115,-0.15815,0.045407,-1.6415,-0.51838,0.93974,-0.26184
-0.071076,-0.11615,0.077159,1.493,0.75802,1.8788,-0.79676,0.69062,0.35852,0.686
0.54529,-0.11599,0.07772,1.5039,0.76353,-0.028894,1.0998,0.6656,2.5363,0.31681
0.54631,-0.11506,-0.016036,-0.3103,-0.15754,-0.57679,-1.0783,-0.69307,-0.12955,0.89151
0.54829,-0.10818,-0.0157,-0.3038,-0.15424,0.37247,-0.54424,1.7317,0.24439,-0.42005
-0.069513,-0.10666,-0.015691,-0.30362,-0.15415,-0.076605,2.2646,1.0047,-0.58133,-0.72248
0.55257,-0.10606,-0.015343,-0.29688,-0.15073,0.13085,1.269,1.8432,1.2726,0.67842
-0.068819,0.57896,0.078379,1.5166,0.77,-0.29348,0.10263,0.077458,0.85128,0.53123
-0.067257,0.58032,0.079205,1.5326,0.77811,0.41382,2.1665,0.066003,1.1762,1.2988
0.55339,0.58306,0.079436,1.5371,0.78039,-0.70511,0.48467,-2.9108,0.80551,2.0099
-0.06445,-0.10551,0.079542,1.5391,0.78143,0.36607,1.074,-0.34285,-1.0754,0.3596
-0.061735,-0.10323,-0.015136,-0.29288,-0.1487,0.44697,-0.30167,0.1393,-0.60264,-0.46729
-0.061502,-0.1031,0.079975,1.5475,0.78568,-0.4452,-0.87161,0.9774,0.57745,-0.28169
-0.059428,-0.10255,-0.015012,-0.29048,-0.14748,1.2169,-2.2291,0.16192,0.75144,1.256
0.55375,0.58439,-0.014444,-0.27948,-0.1419,-0.25838,0.83389,-0.75026,-2.0026,-0.60911
-0.058446,-0.10214,0.081125,1.5698,0.79698,2.5875,1.2781,1.0357,-0.65305,-0.86442
-0.058112,-0.10022,0.081327,1.5737,0.79896,0.80189,0.794,-0.34846,-0.75503,0.22502
-0.049676,0.58935,0.081388,1.5748,0.79957,1.3237,0.14639,-0.31485,0.016457,2.3365
0.55813,-0.09886,-0.014424,-0.2791,-0.1417,-2.0973,-0.54966,-0.12759,-0.45801,0.70967
0.56092,-0.098288,-0.014212,-0.275,-0.13962,-0.83448,-0.91331,-1.5777,-0.78203,-1.6484
-0.049462,-0.098124,-0.014085,-0.27254,-0.13837,1.7582,-1.384,-0.69543,-0.3258,0.76825
0.5673,-0.096605,-0.013951,-0.26995,-0.13705,-1.6296,0.83783,-0.66392,1.4551,0.69092
-0.049415,0.5927,0.082795,1.6021,0.81338,0.57357,0.60924,-0.15449,-0.30743,0.15102
0.57378,0.59558,-0.013752,-0.26609,-0.1351,-0.76582,-1.0877,-1.4029,0.098529,-0.71037
-0.048781,-0.095223,0.083634,1.6183,0.82163,1.0153,-0.55221,-0.89433,-0.55218,0.78022
0.57598,0.59763,0.08408,1.6269,0.826,-0.18089,1.9807,-0.27801,0.34835,-0.64809
0.5782,-0.091773,0.084195,1.6292,0.82714,1.7024,-1.6142,-1.08,0.78619,1.2702
0.58316,0.60412,0.084345,1.6321,0.82862,0.51039,-0.21308,-0.7017,0.61624,-2.0147
-0.048516,-0.091386,0.085717,1.6586,0.84209,0.66925,0.44135,0.1154,-1.1826,-0.43982
0.58354,0.61099,-0.013706,-0.2652,-0.13465,0.64446,-0.83186,0.90282,1.1682,-1.1619
-0.048485,-0.091083,-0.013661,-0.26434,-0.13421,0.51687,-0.57687,1.4127,0.54137,0.46235
-0.04607,-0.08947,0.086106,1.6661,0.84592,-0.7306,0.054539,-0.22199,1.7032,-0.98385
0.58428,-0.087583,-0.013466,-0.26057,-0.13229,-1.1801,1.3427,-0.5151,-0.7021,-0.16328
-0.045694,-0.086148,-0.013264,-0.25666,-0.13031,1.1859,0.038086,-1.9216,1.0132,0.47396
-0.045263,-0.085177,-0.013112,-0.25371,-0.12881,0.97098,1.1854,0.11123,0.68327,-0.0035757
0.58611,-0.084682,-0.013032,-0.25216,-0.12802,1.2035,2.2103,-0.51333,0.399,-1.7315
-0.044049,-0.084366,-0.012933,-0.25026,-0.12706,2.6961,-1.5641,1.3501,-0.163,-0.11508
-0.043842,0.6185,0.086316,1.6702,0.84798,-0.45673,1.8129,0.024766,0.037368,0.68973
0.58646,-0.083271,-0.012648,-0.24474,-0.12426,0.018818,0.63896,1.3407,-1.1338,0.66862
-0.039188,-0.081543,-0.012514,-0.24215,-0.12294,0.26689,-0.072474,0.72784,0.25664,-1.5698
0.59332,-0.078556,0.086674,1.6771,0.85149,-1.3723,0.54485,0.15807,-1.8058,0.81512
-0.038707,-0.078417,0.08707,1.6848,0.85538,0.29751,-0.34603,1.2106,0.24222,0.56736
-0.038294,-0.078166,0.087215,1.6876,0.85681,0.58221,-0.68744,-0.4179,-0.3403,0.72415
-0.038169,-0.076044,-0.012302,-0.23804,-0.12086,-0.22282,0.15643,0.4263,1.7727,-1.5372
-0.037317,0.62545,-0.012285,-0.23771,-0.12069,1.1593,0.20978,-0.97539,-1.3202,-1.0457
-0.036266,-0.074372,0.087482,1.6928,0.85943,1.7193,-0.95743,0.40898,1.5134,0.35006
-0.034279,-0.074331,0.088023,1.7032,0.86475,-1.099,0.62034,-0.34354,0.047963,0.10709
0.59745,0.62606,-0.012056,-0.23327,-0.11843,-1.7143,-1.1695,-0.054335,1.1681,0.55299
0.59759,0.63244,0.088339,1.7094,0.86785,0.87186,0.4253,1.1642,0.44344,-0.2805
0.59865,-0.073733,-0.011952,-0.23126,-0.11741,-0.51773,-1.3778,0.77087,1.3801,-0.34621
0.60377,-0.073521,0.088928,1.7207,0.87364,1.8454,-0.22699,-1.1543,-2.0848,1.1072
0.60643,0.64069,0.089418,1.7302,0.87845,-0.49966,-1.1962,-0.68984,0.26313,-1.833
0.60934,-0.073203,0.090347,1.7482,0.88757,-0.42224,-0.87838,-0.25087,-0.60236,0.56375
-0.033546,0.64861,0.09128,1.7663,0.89675,0.53395,-0.97666,0.74245,0.70338,-1.0611
-0.031627,0.64881,0.091498,1.7705,0.89889,-0.0719,-0.96987,-0.46759,-0.65113,0.91858
-0.030875,-0.072401,-0.011821,-0.22873,-0.11613,0.4113,-1.7432,-0.68656,-1.2164,-0.97272
0.61104,0.6523,-0.011736,-0.22709,-0.11529,1.1792,0.031711,-0.14858,-0.19966,1.2399
-0.030718,-0.072316,-0.011304,-0.21872,-0.11105,0.41749,0.058218,-0.73761,-0.31609,-1.1643
-0.02995,-0.072183,-0.010938,-0.21164,-0.10745,0.36015,0.74565,-0.80538,1.1017,0.36747
0.61109,-0.067611,0.091732,1.775,0.90119,-0.9087,1.0847,-1.0416,-0.099858,-0.95454
-0.0298,0.66001,0.091997,1.7801,0.90378,1.5448,-1.2946,-1.1551,1.6404,-1.2367
-0.029692,-0.067243,0.093178,1.803,0.91538,0.22217,0.33763,-0.15799,0.2591,-0.40923
-0.02946,0.66012,0.093222,1.8038,0.91582,-0.61736,0.20025,0.52218,-0.71151,-2.2636
-0.027912,-0.066547,-0.010803,-0.20904,-0.10613,-0.40213,-0.067068,-0.20537,-1.8214,-0.27413
0.62708,0.6638,-0.010712,-0.20728,-0.10524,-0.90705,-1.5145,-0.62945,-0.12047,1.1291
-0.026391,-0.065756,-0.010454,-0.20228,-0.1027,-1.3908,0.25034,-2.0519,0.15894,-0.8158
0.62717,0.66638,-0.010392,-0.20109,-0.1021,0.71201,-1.5031,-0.24975,-0.1453,0.94418
0.62781,-0.065114,-0.010287,-0.19905,-0.10106,1.3429,1.1915,-0.48148,-1.2318,1.096
-0.025909,0.67316,-0.010201,-0.19739,-0.10021,0.46472,1.7458,0.75529,0.16186,-0.1256
0.6279,-0.064852,0.093298,1.8053,0.91656,-0.99065,-0.27432,0.91429,0.30689,1.0121
-0.02585,-0.064667,0.093413,1.8075,0.91769,-0.33653,0.93005,1.3879,-0.90517,-0.61031
0.62842,0.67354,-0.010127,-0.19596,-0.09949,-0.88103,-0.32519,0.51695,-0.42297,-0.71013
0.63194,0.67496,0.093518,1.8095,0.91873,1.1765,1.1402,1.1435,-1.608,1.7283
0.63287,0.67606,0.093747,1.814,0.92097,0.27159,-0.88321,0.085852,1.8412,0.5434
0.63336,0.67721,-0.0101,-0.19542,-0.099219,1.3628,-0.0092514,0.10704,-0.11158,0.63758
-0.024865,0.68143,-0.0099844,-0.1932,-0.098088,-1.5011,-0.15443,-1.0464,0.11474,-0.013382
0.64582,0.6878,-0.0099443,-0.19242,-0.097693,0.16554,-0.033169,-0.48155,-0.099814,-0.82578
-0.024134,0.69067,-0.0099387,-0.19231,-0.097639,1.2635,-0.10508,0.38004,-0.71503,-0.15004
-0.023974,-0.064282,0.094822,1.8348,0.93154,-0.95734,-0.12262,0.97759,1.2613,0.44978
-0.02216,0.69448,-0.0097735,-0.18912,-0.096016,-0.29739,-0.88771,-1.2648,-1.4959,0.21015
-0.022059,0.69809,0.095846,1.8546,0.9416,-1.237,0.41157,0.18769,0.28855,-0.20017
-0.021011,0.70009,-0.0096971,-0.18764,-0.095266,-1.2103,-0.50486,-1.3038,0.11295,0.52581
0.64646,0.70454,0.095983,1.8573,0.94295,2.5857,-0.15581,0.68845,-1.1741,0.85037
0.65301,0.70677,-0.0096826,-0.18736,-0.095122,0.35859,-0.62273,-0.16925,0.069083,-0.92202
-0.020965,-0.062931,-0.009281,-0.17959,-0.091178,-0.0064659,-0.84247,-0.48882,0.66423,0.33757
0.6532,0.70855,0.096336,1.8641,0.94641,0.75269,0.071572,1.5916,1.7213,1.2681
0.65477,0.71012,0.09734,1.8835,0.95627,1.0264,-0.86773,-1.1388,-0.53385,-0.15885
-0.020557,0.7121,-0.0090516,-0.17515,-0.088924,0.70476,-0.93252,-0.78653,-0.5877,0.40839
-0.019598,-0.058888,0.097634,1.8892,0.95917,-1.0495,-0.062453,1.9554,0.69812,-1.5331
-0.018976,-0.058768,0.098265,1.9014,0.96537,-1.2725,0.50816,0.022081,-0.13214,0.57601
0.65893,0.7147,-0.0088875,-0.17197,-0.087312,0.79021,-0.23424,1.4265,1.9572,1.7125
-0.017607,-0.058352,0.098544,1.9068,0.9681,1.1218,0.41126,-2.4293,1.1305,0.41025
0.66019,-0.05681,-0.0087408,-0.16913,-0.08587,0.19941,1.1332,-0.68233,-2.5651,0.29696
-0.01729,-0.055411,0.099514,1.9256,0.97764,-0.77096,-1.1688,-0.45478,-0.28926,1.1087
-0.017008,-0.052835,-0.0086738,-0.16784,-0.085213,-0.23949,-1.8066,0.54347,0.17349,2.1418
0.66406,0.71632,0.10063,1.9471,0.98858,-0.14211,-0.37364,-0.31552,-1.063,-2.0494
-0.016822,-0.052212,-0.0085438,-0.16532,-0.083935,-0.15486,-0.65759,0.49843,0.93942,-0.21693
0.66516,-0.050659,0.10126,1.9593,0.99477,0.144,0.060446,-0.45369,0.93042,0.15925
0.67214,-0.050056,0.10273,1.9877,1.0092,-1.3599,0.67699,0.10835,0.49706,-0.0010126
-0.016179,0.72106,0.10311,1.9952,1.013,0.081004,1.3382,-1.7598,-0.048109,-0.48755
-0.014835,0.72148,0.10483,2.0285,1.0299,1.0053,0.23949,0.13217,-1.8581,-0.17342
-0.0143,-0.049795,-0.0082642,-0.15991,-0.081188,-0.42875,-0.18049,1.1695,-0.87336,-0.43494
0.67285,0.72387,0.10488,2.0294,1.0303,-0.71193,1.4051,0.025377,0.10746,1.3957
-0.013713,-0.048221,-0.0082307,-0.15926,-0.080859,-1.2098,-0.85049,-0.96006,-0.35025,-1.2911
-0.013501,0.72994,-0.0081987,-0.15864,-0.080545,-0.049537,-0.50009,-0.35955,1.8481,-0.81109
-0.011232,-0.047138,0.10538,2.0392,1.0353,0.84258,-0.66956,0.17045,-1.0112,-0.74665
0.67348,-0.045242,0.10548,2.041,1.0363,0.46331,1.1765,-1.606,-0.93039,-2.0508
-0.010189,0.73338,-0.0081027,-0.15679,-0.079602,1.5805,-2.0644,0.87261,-1.4622,-0.79187
-0.0097099,0.73602,0.10652,2.0611,1.0465,-1.6629,0.11338,1.0418,0.22204,-1.7012
0.67486,0.73856,0.10785,2.0868,1.0595,1.1473,-0.15882,-0.31334,0.35685,1.0721
-0.0094553,-0.044473,0.10796,2.0891,1.0606,-1.1806,-0.83781,-0.52974,0.15881,0.49827
-0.0092737,0.74151,-0.0080398,-0.15557,-0.078984,0.40064,-0.42769,-1.4057,0.3691,-0.38706
0.69082,0.74405,0.10802,2.0902,1.0612,-1.8523,-1.5765,1.2133,-0.45687,0.92609
0.69191,0.7444,-0.0080088,-0.15497,-0.078679,-1.2339,-1.0871,0.59377,-0.41065,-1.6762
-0.0089572,0.74487,-0.0079423,-0.15368,-0.078026,-1.081,0.001066,-0.20247,0.80785,-0.8334
-0.0081841,0.74672,-0.0076373,-0.14778,-0.075029,-0.6337,0.9645,-0.63249,-0.13064,-0.30734
-0.0076878,-0.044049,0.10826,2.0949,1.0636,-0.27705,-0.38458,-1.3071,1.1453,0.97707
-0.0058862,0.75077,-0.0074641,-0.14443,-0.073328,1.1689,-0.50902,1.4541,-1.3704,1.1856
0.69502,0.75691,-0.0072864,-0.14099,-0.071583,-0.65932,1.1518,0.65118,1.0498,-1.0319
-0.0048316,0.76713,0.10833,2.0962,1.0643,0.84513,-0.21674,0.086994,0.19343,0.65101
0.69571,0.76778,0.10864,2.1021,1.0672,1.3167,-1.6435,-0.80602,1.0616,1.4506
-0.0047688,-0.043741,-0.0072494,-0.14027,-0.071219,0.012867,0.57762,-1.6259,0.43563,-1.0265
-0.0037236,0.77139,-0.0072002,-0.13932,-0.070736,0.5556,-1.7747,0.77487,-0.9929,-1.2323
-0.003621,0.77364,-0.0069713,-0.13489,-0.068487,-0.6186,1.1415,-1.6149,-0.70686,-0.43019
0.69667,0.77467,-0.0067459,-0.13053,-0.066272,-1.1307,1.4779,-0.065833,-0.19348,0.87896
0.7017,0.77947,-0.0067236,-0.1301,-0.066053,0.1002,0.50726,-0.13991,-0.54742,1.4921
0.71304,0.7848,-0.0064291,-0.1244,-0.06316,-0.3237,-0.21309,0.025592,-0.88499,-0.20241
-0.0030408,0.78851,-0.0064274,-0.12437,-0.063144,-2.1794,0.72267,-0.13205,0.57635,-0.26172
0.0017779,-0.043274,-0.0060836,-0.11772,-0.059765,-0.34716,-0.58672,-0.98285,1.0225,1.0145
0.7148,-0.043273,0.1094,2.1169,1.0748,0.79186,-1.0443,0.45643,-0.88726,0.66483
0.0021696,0.78861,-0.0060409,-0.11689,-0.059346,-1.4508,0.012295,0.096253,-0.69818,0.10506
0.71898,-0.042353,-0.0060378,-0.11683,-0.059316,0.50971,0.695,0.52173,-1.1626,0.32457
0.0027057,0.79529,0.11239,2.1747,1.1041,0.71029,0.069734,0.29135,-3.1379,-0.29171
0.7258,-0.042239,-0.0058214,-0.11264,-0.05719,-0.35655,1.0386,-0.27565,-0.59006,0.81381
0.0029649,-0.042065,0.11255,2.1778,1.1057,0.5778,-1.171,-0.53799,0.49964,-1.0175
0.0030228,-0.041996,0.11292,2.185,1.1094,2.4993,-0.072568,1.923,-0.75035,0.026009
0.74805,-0.041905,-0.0057609,-0.11147,-0.056596,-0.10245,0.63771,0.65689,-1.4293,-0.64854
0.74989,0.7963,0.11301,2.1867,1.1102,0.051024,0.29547,-1.649,0.87443,0.47758
0.0041454,-0.041216,0.11308,2.188,1.1109,0.084733,1.6755,-0.6979,1.8832,-0.54371
0.74995,0.80432,-0.0057605,-0.11146,-0.056591,1.9468,0.25428,-0.033992,-0.79837,1.1117
0.0051327,-0.041213,0.11338,2.1939,1.1139,-0.26198,-0.053726,-0.26055,1.987,-0.026494
0.0070212,0.80444,0.11565,2.2379,1.1362,0.31217,-0.67546,0.6843,-0.45132,-1.6686
0.0074077,0.81063,-0.0055608,-0.1076,-0.05463,0.25773,-1.3235,1.0102,0.91832,0.61753
0.0091962,-0.041053,0.11568,2.2384,1.1365,-1.0352,0.22276,0.74286,0.026421,2.3091
0.75869,-0.040771,-0.0053799,-0.1041,-0.052853,-0.55387,0.55553,0.90132,0.036716,-0.69621
0.75987,0.82036,-0.0053591,-0.1037,-0.052648,-0.080466,0.079779,0.6052,-0.84623,-1.853
0.010364,0.82273,-0.0051718,-0.10007,-0.050809,-0.020041,0.13702,-1.9822,-2.0807,0.42682
0.76883,0.82738,-0.0051344,-0.09935,-0.050441,-1.584,0.98202,0.69318,0.53189,-0.93449
0.012227,-0.040623,-0.0051288,-0.099242,-0.050386,-1.1444,0.19759,-0.51405,-1.0054,1.6171
0.013567,0.83196,-0.0050358,-0.097441,-0.049472,-1.738,-1.3141,-0.436,-0.017924,-0.39794
0.77041,0.83883,0.11773,2.278,1.1566,-0.90238,-0.23951,-0.98009,-0.96195,1.1124
0.013624,0.85903,-0.004954,-0.095859,-0.048668,0.40067,0.35771,-0.42746,1.0361,0.56887
0.014095,-0.040049,-0.0047261,-0.091448,-0.046429,0.82653,1.2502,1.1587,-1.4885,-0.88389
0.77926,0.85982,0.11904,2.3035,1.1695,2.4328,0.068168,0.93255,-0.57498,-1.6428
0.79397,0.87788,-0.00467,-0.090363,-0.045878,1.1327,-0.075365,0.22413,-0.061102,-0.60264
0.014498,0.88161,0.11923,2.307,1.1713,1.122,-0.79718,1.4703,-1.2206,0.68033
0.79922,-0.038519,0.12013,2.3245,1.1802,-0.96357,-1.6957,0.0071566,-0.41416,-1.216
0.017285,-0.037506,-0.0046084,-0.089171,-0.045273,-0.84718,1.3449,-0.68529,-0.47615,-0.18275
0.8041,0.88307,-0.0044323,-0.085764,-0.043543,-1.3318,-0.22126,0.47248,0.19854,-1.5688
0.020313,0.88764,-0.0043927,-0.084997,-0.043154,-0.85657,-1.552,-1.3902,-1.2329,-0.069355
0.020637,-0.036865,0.12025,2.3267,1.1813,-0.14775,0.404,-0.84179,-3.0964,-1.176
0.81299,0.9051,0.1212,2.3451,1.1906,0.93648,-0.0042246,0.28691,0.22908,-0.014713
0.81891,0.90775,-0.0043892,-0.08493,-0.04312,-0.64642,1.2873,-1.6864,-0.47768,1.0348
0.83079,-0.033878,0.12934,2.5027,1.2707,-0.53655,-1.2511,-0.012652,-0.45553,-0.79118
0.84646,-0.032446,-0.0042776,-0.08277,-0.042023,1.1721,0.70009,-0.079693,0.83371,0.91208
0.85111,-0.03207,-0.0041179,-0.07968,-0.040454,-1.7838,1.4179,0.1866,-1.4241,0.59803
0.020811,0.91239,0.12972,2.5101,1.2744,1.9056,-1.6758,-0.74741,1.6621,-0.41519
0.021492,0.91984,0.13044,2.524,1.2815,0.62848,-0.12405,0.20254,0.40171,0.1263
0.023162,0.92476,0.1306,2.5271,1.283,0.25959,0.77152,-0.25692,1.2931,-0.74999
0.85233,-0.031156,0.13122,2.5391,1.2891,-1.7069,-0.70868,1.6424,0.93923,-1.3419
0.023225,0.93195,0.13151,2.5447,1.292,0.82973,-0.86386,0.27223,1.5053,0.17632
0.025624,-0.029969,-0.0039973,-0.077346,-0.039269,-0.38298,-1.1243,0.79925,1.6222,1.2401
0.026681,0.94926,-0.0039793,-0.076998,-0.039093,-1.0788,-0.31764,0.32098,1.6432,-0.59209
0.027539,-0.029389,0.13229,2.5599,1.2997,1.6996,-0.27038,-0.66387,-2.3558,-0.3276
0.86541,0.9551,-0.0038408,-0.074318,-0.037732,1.0223,-0.020143,0.11925,-1.1134,-0.26152
0.02801,0.99762,0.13541,2.6202,1.3303,0.40822,-0.40985,-0.77856,0.67457,-0.60767
0.028058,1.0102,-0.0035806,-0.069284,-0.035176,1.6821,0.49366,-2.4627,-0.31756,-1.1531
0.028363,-0.025304,0.13605,2.6325,1.3366,-0.48291,-0.40705,0.13465,0.48638,0.27578
0.8704,1.0225,0.13752,2.6609,1.351,-0.59981,1.2876,0.019157,1.9198,-0.028156
0.91836,1.0311,-0.0035564,-0.068815,-0.034938,-1.0082,-0.030592,-2.0214,-0.54054,-0.10995
0.028939,1.0656,-0.0034397,-0.066558,-0.033792,0.33292,-1.3212,0.09224,1.2512,0.60964
0.031664,-0.022806,0.13812,2.6727,1.3569,-0.15857,0.47276,-0.52859,-1.3827,0.44426
0.03175,1.0705,-0.0033347,-0.064525,-0.03276,3.7458,1.2785,0.424,0.84755,-0.45531
0.96257,-0.021239,0.14306,2.7681,1.4054,1.354,-0.19453,1.176,1.3419,-0.55602
0.99698,-0.020039,-0.0029207,-0.056514,-0.028693,-0.86682,0.44314,0.31837,-0.57292,-0.52385
1.0056,1.0956,-0.0027273,-0.052774,-0.026794,0.97616,2.0233,-0.59535,-1.0828,0.64492
0.032159,-0.01806,-0.0023293,-0.045071,-0.022883,0.39962,-0.33007,0.40761,0.88619,-0.97392
0.032425,-0.017709,-0.0020392,-0.039458,-0.020033,0.61179,-0.16004,-0.34194,0.57693,-0.57264
0.032915,1.1269,-0.0020272,-0.039227,-0.019916,0.083668,-0.44416,-1.7637,0.37997,-0.34111
0.033915,1.1509,-0.0019358,-0.037457,-0.019017,-0.041371,3.3793,-1.2377,1.1006,-0.20808
1.0188,1.1967,0.14786,2.861,1.4526,1.211,-0.048085,-0.2627,0.42907,0.70621
0.035007,1.2475,-0.0017301,-0.033476,-0.016996,1.6323,-0.77685,-0.64459,0.13366,-0.2749
0.036323,1.263,-0.0016625,-0.03217,-0.016333,0.27982,-0.21615,0.3222,-0.97083,-1.034
0.03741,-0.017019,-0.0016327,-0.031592,-0.01604,0.44717,0.56439,0.70647,0.6532,0.66433
0.038156,1.2732,0.14886,2.8804,1.4624,-1.2206,0.28636,-0.44677,-0.41113,-1.6728
0.043616,1.318,-0.0016085,-0.031124,-0.015802,0.22016,-0.72656,-0.098793,0.84947,-1.3471
0.045767,-0.014289,-0.0014228,-0.027531,-0.013978,0.62935,-0.03674,1.8385,1.5228,-1.0379
0.046464,-0.013602,-0.0013549,-0.026217,-0.013311,0.70421,-0.94586,-0.72566,-0.95357,0.2131
1.0652,1.3186,-0.0012157,-0.023524,-0.011943,0.85721,0.15146,0.7286,-0.011734,-0.7121
1.193,1.3809,0.15186,2.9384,1.4919,-0.20649,0.5921,-0.42479,0.293,0.31917
0.047819,1.5226,0.16536,3.1996,1.6245,0.0086851,-0.28608,-0.42016,0.45352,-0.42123
