0.0026908,-0.065006,-0.015272,0.00061649,0.01025,-0.27075,-0.30877,-1.369,0.18269,0.83547
0.30739,2.229,-0.013269,0.00053562,0.0089055,-2.3339,-0.12425,0.34576,-0.68668,2.8941
0.0026839,-0.066335,-0.01241,0.00050096,0.0083292,0.15991,1.5024,2.2588,0.00038756,0.12626
0.0025553,-0.070265,-2.2609,0.091264,1.5174,0.80713,-0.70051,1.0061,0.85355,1.377
0.30347,-0.072285,-2.1213,0.085629,1.4237,-1.0763,0.7284,-0.39082,-0.35637,1.1804
0.002351,-0.073046,-0.010753,0.00043407,0.0072171,-0.67547,2.2926,0.7453,0.72707,-0.23269
0.29771,-0.073938,-0.0081316,0.00032824,0.0054575,-0.81385,0.33325,-0.53256,-0.11094,-1.3053
0.27487,2.1948,-2.0271,0.081828,1.3605,-1.557,1.4484,-1.8402,-0.31731,-0.013478
0.0019514,1.8908,-1.9677,0.07943,1.3206,0.68895,-0.07709,-0.74757,0.72767,1.1262
0.0018875,-0.075424,-1.9404,0.078328,1.3023,0.64746,-0.18754,-0.63137,1.1944,-1.315
0.26995,-0.076481,-1.9379,0.078227,1.3006,-0.010433,-0.44446,-0.5017,-0.43968,1.5481
0.26542,-0.077625,-0.008012,0.00032342,0.0053772,-0.64196,1.7946,0.45353,-1.1477,1.0926
0.0018629,-0.079619,-1.9067,0.076967,1.2797,-0.00050558,-1.7693,0.58409,0.89817,0.33843
0.25053,1.8689,-0.0070308,0.00028381,0.0047187,0.95392,0.80733,-0.98594,-0.19216,1.1394
0.2495,1.7827,-1.8017,0.072726,1.2092,0.68339,0.40952,0.43713,0.3076,0.79029
0.0018103,-0.080263,-0.0062099,0.00025067,0.0041677,-0.81988,-0.7017,0.4195,0.16199,1.0605
0.0018082,1.7736,-1.7661,0.071291,1.1853,0.30798,-1.4941,-0.29146,-1.7307,-0.33256
0.0014104,-0.081426,-1.7424,0.070334,1.1694,-0.32888,-0.54692,0.16463,-1.0253,-0.85804
0.0013341,1.7003,-0.0060762,0.00024527,0.004078,-1.093,0.43854,-0.042557,-0.44686,-0.10447
0.24906,1.6789,-1.7148,0.069222,1.1509,0.876,1.1167,0.62042,0.031719,0.99821
0.0012784,-0.085178,-0.0047057,0.00018995,0.0031582,1.0077,1.1061,-1.4634,0.91459,0.88278
0.23821,1.6591,-0.0030327,0.00012242,0.0020354,-1.3885,-0.67715,0.088365,-0.61245,0.76681
0.0012279,-0.086022,0.00040349,-1.6288e-05,-0.0002708,0.4977,0.31561,-0.46597,0.40783,0.20676
0.23047,-0.090348,0.0010974,-4.4297e-05,-0.00073649,-0.082854,-1.5834,-0.33026,1.4483,1.3263
0.0011631,-0.091615,-1.6974,0.068518,1.1392,-0.78884,0.84372,-1.4024,-1.3267,2.0371
0.0010964,1.6491,-1.6636,0.067152,1.1165,-1.9677,0.78411,-0.47536,0.58169,0.95957
0.0010533,1.5646,0.003753,-0.0001515,-0.0025188,-0.30064,-1.8636,-3.056,0.063759,-0.56641
0.0006445,-0.094609,0.0078645,-0.00031746,-0.0052782,1.2552,-1.2086,-0.36488,0.30709,-2.0235
0.00036876,-0.094684,0.008914,-0.00035983,-0.0059826,-0.45038,-0.36147,-0.15161,0.70437,-2.32
0.0002199,-0.095242,0.012015,-0.00048499,-0.0080636,0.5195,0.11694,0.67566,1.3176,0.16087
0.22628,1.5628,-1.6607,0.067036,1.1146,1.1002,0.55164,-0.7323,1.0077,-0.30928
0.22431,1.5587,0.012994,-0.00052451,-0.0087207,0.099125,-0.58653,2.3979,-0.17179,0.82871
1.8691e-05,1.5365,-1.6421,0.066284,1.1021,-0.80356,1.0978,-0.79448,1.2686,0.84716
-0.0002279,-0.096314,0.013451,-0.00054295,-0.0090273,2.7757,0.11242,0.82624,-0.17257,-1.5696
-0.00076405,1.5089,-1.6246,0.065579,1.0903,0.24809,-0.7848,-0.12622,-0.47866,0.69224
-0.00094507,-0.096674,0.023777,-0.00095978,-0.015958,-0.38871,1.3463,1.4918,1.6598,0.56572
0.22182,1.4925,0.025458,-0.0010276,-0.017086,-1.044,0.24272,-0.4183,-1.0193,0.58923
0.21996,1.4671,0.028934,-0.0011679,-0.019419,0.056826,0.30625,0.45989,0.080337,-0.60352
0.2165,-0.097519,-1.6136,0.065135,1.083,0.50768,-0.32092,0.90442,0.22906,0.42032
0.21079,1.4647,0.030497,-0.0012311,-0.020468,0.24618,-0.46103,-0.15038,0.12929,1.1528
-0.0012534,-0.10098,-1.5752,0.063584,1.0572,-0.89541,0.57262,-1.8592,0.42362,1.337
-0.0012621,-0.10252,0.033737,-0.0013618,-0.022642,1.4297,-0.83528,1.3684,0.089285,2.294
0.20155,1.4272,0.033895,-0.0013682,-0.022748,1.0534,-0.97109,-1.4041,-1.3174,-0.058088
-0.001265,-0.11075,-1.546,0.062407,1.0376,-1.5672,0.1352,-0.62053,0.99098,0.97083
0.20014,1.421,-1.5444,0.06234,1.0365,1.5285,0.67703,-1.3251,0.19907,-0.49453
0.19917,-0.11366,0.035637,-0.0014385,-0.023918,-0.40688,-0.72233,-0.88686,-1.4711,0.4504
0.19732,1.4077,0.035646,-0.0014389,-0.023924,-0.13261,-0.34679,-0.34719,0.67578,-0.19166
-0.0014906,1.4013,0.038172,-0.0015408,-0.025619,0.43553,0.0024857,1.246,-0.14798,0.54079
0.19706,-0.11373,0.039083,-0.0015777,-0.026231,0.89036,-0.10083,0.19283,0.15673,-0.93107
-0.0015302,-0.11622,-1.488,0.060063,0.99864,0.32672,0.83297,0.47792,1.0865,0.69983
-0.0022826,-0.11697,-1.4842,0.05991,0.99608,0.27417,0.74606,0.55901,-0.1329,-0.32243
-0.0024007,-0.11768,0.041973,-0.0016943,-0.02817,1.014,-1.4273,2.3123,0.45238,0.98808
-0.002998,-0.12077,-1.4781,0.059665,0.99201,-0.49552,0.1608,0.93985,-0.50798,0.2332
0.19577,1.3967,0.042795,-0.0017275,-0.028722,1.3279,-0.21595,0.90809,-0.67217,0.11844
-0.0030002,-0.12345,-1.4708,0.059372,0.98714,-0.091425,-0.32904,-0.46168,-2.2049,0.53046
-0.0031104,1.3943,-1.4304,0.05774,0.96001,-0.29659,0.011372,-0.034174,-0.65629,0.58898
0.19575,-0.12461,-1.417,0.057201,0.95104,-1.6735,-0.039023,1.9733,-0.049634,1.6737
-0.0038587,1.3863,0.04685,-0.0018912,-0.031443,-0.024223,0.14001,-0.57617,0.065988,-0.94337
0.19406,-0.12625,-1.4149,0.057115,0.94962,0.55445,-0.7205,-0.80788,0.69239,-0.3141
-0.0039489,-0.12743,0.048103,-0.0019417,-0.032284,-0.5399,0.77885,-2.68,1.4768,0.7454
-0.0041155,-0.12762,0.048156,-0.0019439,-0.03232,-0.74192,-0.17844,-1.5441,-1.4092,0.65072
-0.0041517,1.3841,0.050382,-0.0020338,-0.033814,0.89983,0.80531,-1.0676,-0.80187,-0.82848
0.18254,1.3834,0.050491,-0.0020381,-0.033886,0.6191,1.1358,1.004,-0.65819,0.77527
0.18173,-0.1336,0.051733,-0.0020883,-0.034721,-0.13342,-0.095235,-0.0022538,-0.25881,0.32644
0.18012,1.3834,-1.4144,0.057096,0.94929,1.1418,-1.6901,-1.4927,2.2577,-0.090335
0.17907,-0.13487,0.055642,-0.0022461,-0.037344,-1.1438,-0.63128,0.53569,-0.17877,0.10749
0.17642,-0.13523,0.055886,-0.0022559,-0.037507,0.45348,1.5765,-0.3741,0.03355,1.1043
-0.0042757,1.3723,-1.396,0.05635,0.93689,2.1832,0.69062,0.2684,-0.23975,0.78311
-0.0043173,-0.13577,-1.3922,0.056197,0.93434,0.56256,1.23,0.14614,0.85324,-1.714
0.17603,1.3606,-1.3729,0.055419,0.92142,-1.6167,1.5133,-1.0286,1.3297,1.0085
-0.0046222,-0.13918,-1.3624,0.054994,0.91434,0.57876,-0.90233,1.0026,-0.44042,0.4047
0.17558,1.3297,0.056681,-0.002288,-0.038041,1.9497,-1.0341,-0.33918,-0.44272,1.446
-0.0053155,-0.13986,-1.3616,0.054963,0.91383,1.4676,-0.65328,-1.3003,-0.021903,0.75848
0.17516,-0.14317,0.060432,-0.0024394,-0.040558,0.43991,-0.52211,0.59103,0.95418,1.6304
-0.0053216,-0.14344,-1.3573,0.054789,0.91095,1.616,-0.15424,0.071311,2.092,0.23602
0.17335,1.3187,0.064158,-0.0025898,-0.043059,-1.588,0.61206,-0.727,0.48315,-0.46273
-0.0054628,-0.14434,0.06524,-0.0026335,-0.043785,0.59976,-0.13615,-2.2498,-0.11885,-0.0082699
0.17327,1.2931,0.072038,-0.0029079,-0.048348,1.7941,1.4428,-0.0094557,0.12048,-0.090949
-0.0059108,-0.1446,-1.3358,0.053921,0.89651,0.64691,-0.76032,-0.61577,-0.94664,-0.3265
-0.0060275,1.2797,-1.283,0.051789,0.86107,-0.93013,-0.16622,1.7359,-0.53673,-0.54646
-0.006098,1.2759,0.072847,-0.0029406,-0.048891,1.1917,0.58692,-0.18769,-2.4609,1.1043
-0.0061435,-0.14645,-1.2518,0.050532,0.84017,-1.5726,0.14247,0.28166,-0.75523,0.35215
-0.0062977,-0.14816,-1.2477,0.050364,0.83738,0.043776,0.81144,-0.48443,-0.11898,-1.7848
-0.0063052,-0.15349,0.073921,-0.0029839,-0.049612,2.942,-0.95365,0.27964,-0.66201,2.3236
-0.0063194,-0.15428,0.074692,-0.003015,-0.050129,-0.40731,-0.67783,1.0553,0.8511,0.0096962
0.17056,1.275,-1.2294,0.049626,0.8251,0.74558,-0.13162,1.5992,-1.6603,-1.5557
0.17056,1.2697,-1.2194,0.049221,0.81837,0.79754,-1.49,-2.2555,0.70389,1.871
-0.006518,-0.15515,0.075596,-0.0030515,-0.050736,1.8931,-0.79303,-1.4564,-0.42488,1.5099
0.17051,-0.15864,0.076166,-0.0030745,-0.051118,-0.19039,0.66108,1.0016,1.3051,1.7545
0.16937,-0.1617,0.079819,-0.003222,-0.05357,-1.1194,-1.691,0.98723,0.52168,0.1483
-0.006812,-0.16389,0.080238,-0.0032389,-0.053851,-1.2501,-1.1251,-0.13887,0.17384,1.6622
0.16856,1.2668,0.085965,-0.0034701,-0.057695,1.0002,-0.23993,-0.57368,0.47379,0.71533
0.16854,-0.16916,0.090175,-0.00364,-0.060521,0.42071,0.49778,0.88766,-0.17931,-0.87242
-0.0071394,-0.16949,0.090407,-0.0036494,-0.060676,0.20071,-0.26039,0.28105,0.65549,-1.7473
0.16782,-0.16952,0.091135,-0.0036788,-0.061165,-0.37095,1.6094,1.5197,1.4278,-0.89731
0.1678,-0.16977,0.091279,-0.0036846,-0.061262,-0.56856,1.2834,0.3353,1.0841,-1.0819
0.16766,1.2634,-1.2121,0.048928,0.81349,-0.62693,0.50918,0.73362,-0.011291,0.40952
-0.0075172,1.2533,0.093094,-0.0037578,-0.062479,0.30158,-0.14101,0.95552,-0.59742,-0.53226
-0.0077388,1.2261,-1.1624,0.046922,0.78015,0.91424,-2.5145,-0.31512,-0.39506,-1.7204
0.16665,-0.16977,0.09496,-0.0038332,-0.063732,-0.77813,1.5503,-0.14976,0.53488,-0.8753
0.16657,-0.17206,0.095472,-0.0038538,-0.064076,1.0748,-0.51317,-2.0065,0.53691,-0.32956
0.16598,1.2145,0.096179,-0.0038824,-0.06455,0.43743,-1.2103,1.0447,-1.5529,2.6234
0.16476,1.2113,0.096971,-0.0039144,-0.065082,-1.4335,0.58542,0.64327,1.3039,-1.6138
-0.0087162,-0.17219,-1.1513,0.046474,0.7727,0.052851,1.4457,-1.2452,0.67988,-0.70662
-0.0089771,-0.17293,-1.1414,0.046074,0.76604,-1.2352,1.2931,-0.53948,-1.3864,0.69972
-0.0089888,-0.17321,-1.1364,0.045871,0.76267,-2.0322,0.0053094,-1.396,0.4724,-0.21359
0.16386,-0.17664,0.099996,-0.0040365,-0.067112,-0.42474,1.1964,0.077155,0.0022988,1.3444
0.16169,1.189,-1.136,0.045855,0.7624,-0.48102,-0.095747,-0.58225,0.67337,-1.2733
-0.0090477,1.1813,0.10535,-0.0042524,-0.070703,-0.50074,0.24122,0.56303,1.2541,0.55428
-0.0091398,-0.17938,0.10578,-0.00427,-0.070994,0.54444,1.0285,0.85286,0.095294,-1.2371
0.16066,-0.18369,0.10965,-0.0044262,-0.073591,0.098047,1.4415,1.0014,1.6909,1.8641
-0.0092452,1.1784,-1.1334,0.04575,0.76066,0.58899,0.23201,0.20675,0.02307,-0.037528
-0.0094546,-0.18652,-1.1321,0.045698,0.75979,0.86085,0.4841,-1.1779,-1.1017,0.41325
-0.0099534,1.1759,0.11008,-0.0044434,-0.073877,-0.13128,1.2943,0.1292,0.68539,0.27387
0.16041,1.1583,0.11009,-0.0044441,-0.073889,0.16404,0.48328,-0.22924,-0.72189,0.35245
0.15963,-0.1876,-1.1238,0.045364,0.75424,0.22688,0.80979,0.60278,-0.74697,0.55618
-0.010051,1.158,-1.1203,0.045222,0.75188,1.8415,0.39598,0.65129,-0.70671,0.41939
0.15903,-0.19206,-1.1186,0.045154,0.75075,-0.53865,0.63303,-0.57184,1.2305,-1.1912
0.15831,1.1544,-1.1179,0.045127,0.7503,-0.27605,-1.8703,1.2554,0.4448,-0.88149
-0.010117,1.1529,0.11227,-0.0045319,-0.075349,-0.17718,-1.2871,-1.1601,0.70416,0.57866
0.15666,-0.19257,-1.1061,0.044648,0.74234,-0.16921,0.5999,0.39042,0.55443,-1.7125
0.1565,1.1425,-1.1034,0.044538,0.74051,-0.14764,0.59457,1.0756,0.28799,0.41991
-0.010251,1.1422,-1.1028,0.044518,0.74017,0.71114,-0.61511,-1.2005,-0.32638,0.12366
-0.01045,-0.19299,0.113,-0.0045614,-0.075839,1.0292,0.13721,-0.5779,0.48181,-0.11108
0.15595,-0.19609,0.1141,-0.0046059,-0.07658,-1.1843,0.55719,-0.01575,-1.0777,0.045136
0.15533,1.1401,0.11661,-0.0047072,-0.078264,-0.94256,-1.2235,-1.8003,-0.82085,-0.090987
-0.011113,-0.1966,-1.102,0.044484,0.73961,-0.057174,-0.32091,0.85304,-0.59599,0.041159
0.15467,1.1259,-1.0872,0.043885,0.72965,-0.52355,0.11342,0.99141,0.96903,0.90775
0.15227,1.1189,-1.0822,0.043683,0.72628,0.47342,0.28633,-0.51918,0.24321,0.27005
-0.011143,1.1082,0.11975,-0.0048338,-0.080368,-0.31202,-0.28309,0.43985,-0.59792,-1.316
0.1516,1.1036,-1.0742,0.043361,0.72094,-1.5995,0.15992,-0.71918,0.30826,-0.85364
-0.011152,-0.19665,-1.0639,0.042944,0.71401,1.3903,-0.74727,-0.5376,1.0842,-1.2919
-0.011187,-0.19726,-1.0546,0.042571,0.7078,-1.6576,0.61711,-0.84146,0.44082,-1.1829
0.15157,1.1027,0.12091,-0.0048807,-0.081148,-0.94022,-0.48995,0.13784,-0.21264,-1.6323
-0.011369,-0.19762,-1.0531,0.042509,0.70677,-0.0017991,-1.4954,-0.93925,1.0088,-0.50193
-0.01212,1.0917,0.12152,-0.0049051,-0.081554,0.22404,-1.0581,-0.67849,0.54736,-0.64115
0.14987,-0.19802,0.12165,-0.0049104,-0.081642,-0.034969,-0.12419,0.8554,-0.85187,0.95839
0.14975,-0.19933,-1.0511,0.042428,0.70543,-0.56671,2.0915,-2.3409,-2.1529,-0.71893
-0.012133,1.0787,-1.0442,0.042151,0.70082,0.12337,0.43568,-1.0549,-0.23867,-0.16444
0.14975,1.0724,-1.0427,0.04209,0.69981,1.0353,1.5378,-1.4788,-0.76992,-0.89366
0.14941,-0.19967,-1.0417,0.042048,0.6991,1.4816,-1.0302,-0.23004,-2.0389,-0.067838
0.14793,-0.19971,0.12314,-0.0049707,-0.082645,0.037634,0.16905,-0.22781,-0.63539,2.435
-0.012867,1.0674,0.12343,-0.0049825,-0.082841,0.18246,-1.9305,-2.5857,0.072183,-0.15962
-0.013337,-0.20197,0.1267,-0.0051144,-0.085034,0.75701,0.52357,-0.24775,-0.57545,-0.27577
-0.013893,-0.20213,-1.0365,0.041839,0.69564,0.51629,0.079992,-0.42707,1.7785,1.1992
-0.013933,1.0667,-1.0266,0.04144,0.68899,-0.35095,0.54483,1.1282,-1.1831,-0.80568
0.14355,-0.20346,-1.0263,0.041427,0.68877,-0.32363,-1.0006,0.45952,-0.81773,-0.18809
-0.013942,-0.20607,0.13528,-0.0054609,-0.090796,-0.3693,1.3211,-0.80616,0.19286,0.412
-0.014172,1.0586,-1.0253,0.041389,0.68815,0.29284,-2.0058,-1.6141,0.68701,-1.5185
0.14343,-0.20945,-1.0211,0.041218,0.68531,-2.0302,0.29957,0.32491,-0.31918,-1.7356
0.14313,-0.21403,0.13748,-0.0055495,-0.092268,-0.132,-0.74483,-1.9176,-0.35385,0.17239
-0.014594,1.0553,-1.021,0.041213,0.68523,-0.18836,-0.5587,-0.0053701,-1.0766,0.48137
-0.014808,1.0521,0.13803,-0.0055719,-0.09264,-0.61809,-0.4329,0.5821,-0.76698,2.8789
0.14084,-0.21454,0.13811,-0.0055748,-0.092689,-0.62489,3.0317,-0.29044,0.098299,0.16962
0.14069,1.052,-1.0098,0.040761,0.67771,0.36271,-0.023496,0.8346,-1.2578,-1.4186
0.14033,-0.21605,-1.0097,0.040757,0.67765,-0.061387,-0.68254,1.2499,-0.14298,-0.75036
-0.014899,1.0469,0.13883,-0.0056042,-0.093177,1.8303,-0.21906,0.39188,-0.059558,-0.20162
0.13891,-0.21736,0.14065,-0.0056775,-0.094397,0.32832,0.094791,0.19282,-0.77477,-0.73513
0.13827,1.0389,0.14114,-0.0056973,-0.094725,0.65935,0.18426,-0.04022,0.30336,-0.18967
0.13713,1.037,-1.0079,0.040686,0.67646,0.73639,0.45153,0.15722,-2.1306,-0.71322
0.13642,-0.22209,0.14172,-0.0057208,-0.095116,0.35067,0.526,-1.0105,0.8517,-0.6576
-0.015149,1.0343,0.14275,-0.0057623,-0.095806,2.0556,0.63693,-0.33761,-1.2123,0.85823
-0.015635,-0.22222,-1.0058,0.040602,0.67507,1.2231,0.67291,1.5311,0.74937,-1.0317
0.13489,-0.22301,0.14585,-0.0058876,-0.097889,0.45069,-1.1138,-0.013674,-1.0828,2.0783
0.13327,1.0193,0.14796,-0.0059727,-0.099304,-0.5881,-0.16077,-0.77728,-2.3935,-1.3129
0.13234,1.0188,0.14846,-0.0059929,-0.099639,-1.3005,0.21129,0.19743,1.4489,0.73342
-0.016,1.0171,0.15007,-0.006058,-0.10072,0.40687,0.0043597,0.19003,0.39542,-0.57605
0.13178,1.0156,-0.98322,0.039689,0.65989,-0.30206,-0.063468,1.2443,-1.1501,-0.6106
0.13124,1.0129,-0.97911,0.039523,0.65713,-0.21036,-1.7348,-0.047496,-1.3209,1.2297
0.1309,-0.2235,-0.96175,0.038822,0.64547,1.045,-0.83176,1.0075,2.3445,1.3889
0.13089,-0.22537,0.15061,-0.0060796,-0.10108,0.56548,-0.56286,-0.71539,0.55614,-1.7404
0.12956,1.0125,-0.9581,0.038675,0.64303,-0.082232,-1.7194,0.83901,0.85921,-0.12004
-0.016867,-0.22539,-0.95752,0.038652,0.64264,-1.4856,0.58447,-0.69338,0.21472,1.0523
-0.017099,1.0062,0.15082,-0.006088,-0.10122,-2.0822,-0.75524,0.70252,0.75951,-0.70664
-0.017119,1.0032,0.15423,-0.0062258,-0.10351,-0.074319,1.0755,0.19561,-0.067357,0.3293
-0.017988,-0.2291,-0.95593,0.038587,0.64157,1.3537,-0.9491,-0.95514,0.11873,-0.63858
-0.018041,-0.22968,-0.9529,0.038465,0.63953,2.375,-0.23645,-0.48888,1.5991,-0.023517
-0.01816,-0.23228,0.15646,-0.0063158,-0.10501,0.47984,-0.52774,-0.84859,0.72589,0.23566
-0.018263,0.99804,-0.9467,0.038215,0.63537,-1.4327,-0.089297,-0.80289,0.57228,0.38406
0.12828,0.99732,0.15853,-0.0063993,-0.1064,-1.3321,0.52556,-0.6086,0.37637,0.59295
-0.018345,0.9918,-0.94169,0.038012,0.63201,0.5437,1.6454,-0.10885,-0.81186,0.43623
-0.018634,-0.23257,-0.93824,0.037873,0.62969,-0.62778,0.21249,-2.2513,0.40847,1.6263
0.12813,0.9916,0.16077,-0.0064898,-0.1079,-0.59022,-0.73293,1.4959,-1.1881,-0.63821
-0.018854,0.98597,0.16086,-0.0064934,-0.10796,0.44117,-0.64971,1.0813,1.487,0.13269
0.12785,0.98293,0.16203,-0.0065405,-0.10874,0.66804,-1.1931,-0.77244,-0.033661,-0.67167
-0.018989,0.97607,-0.9368,0.037815,0.62873,-1.9619,-0.19598,-3.3399,-0.27965,-0.32706
0.12669,-0.23341,-0.93313,0.037667,0.62627,1.2556,0.37783,1.4199,-1.1723,-0.050594
-0.019205,-0.2353,-0.93095,0.037579,0.6248,0.74027,0.15556,-0.79407,-0.90487,-0.83324
-0.019603,0.97468,-0.91614,0.036981,0.61486,2.1136,-2.4352,0.60424,1.0861,-1.2108
0.12574,0.97441,0.16742,-0.0067582,-0.11236,2.2176,2.1409,0.37454,-2.131,-0.12399
-0.019706,-0.23562,-0.90789,0.036648,0.60932,-1.2315,1.0916,0.11866,-0.80646,-0.74145
0.12556,0.9736,0.16905,-0.0068237,-0.11345,-0.27502,1.8707,0.66746,-0.011512,0.15661
0.12504,-0.23785,0.1702,-0.0068703,-0.11423,-0.68322,-0.1847,-0.82928,0.47672,-0.6784
-0.019888,0.97033,-0.90687,0.036607,0.60864,0.82558,0.051117,-0.38302,0.66507,-0.72672
0.12441,0.96958,-0.90158,0.036394,0.60509,-0.37562,-0.018872,-0.045008,0.2091,0.95111
0.12361,0.96724,-0.88921,0.035894,0.59679,0.78886,-2.2966,-2.5499,-0.75573,-0.94318
0.12322,-0.23828,0.17044,-0.0068802,-0.11439,-1.3559,-0.14128,-2.8221,-0.33589,-1.1904
0.12266,0.96255,0.17309,-0.006987,-0.11617,-0.46257,-0.25331,1.206,-0.2617,0.46313
0.12251,0.95556,-0.87851,0.035462,0.58961,-1.9189,-0.80338,-1.3389,0.4133,1.0771
0.12138,-0.24048,-0.87821,0.03545,0.58941,-0.4243,-1.0311,1.8342,-0.95653,1.5823
0.12048,-0.24198,0.17609,-0.0071079,-0.11818,-0.59873,0.87914,0.96624,-0.74469,-1.3048
-0.02047,0.95326,-0.8772,0.035409,0.58873,0.14861,-0.67584,-1.051,0.079996,1.2595
0.12004,0.94802,0.17643,-0.0071219,-0.11841,-0.23745,1.7028,0.11412,-0.040385,-0.73755
0.1198,0.94007,-0.86944,0.035096,0.58352,0.48509,0.81443,-1.2478,-0.24971,-0.99404
0.11778,-0.24209,-0.86843,0.035055,0.58284,0.1179,0.47552,-1.0861,-0.22936,0.43546
-0.020588,-0.24699,-0.8651,0.034921,0.58061,-0.030055,0.28823,0.11663,-1.1302,1.092
0.11747,0.93779,-0.86095,0.034753,0.57782,-1.1845,-0.20483,0.12985,-0.30998,-0.2755
0.11737,-0.24783,0.17909,-0.0072294,-0.1202,0.2659,-0.15811,0.0063729,-0.98012,-1.1256
-0.020842,-0.25644,0.17954,-0.0072475,-0.1205,-1.206,1.2786,-0.047386,1.4925,0.31271
-0.02121,0.9375,-0.85906,0.034677,0.57655,1.1973,0.8541,-1.2576,-0.87891,1.0497
-0.021495,0.93701,-0.85818,0.034641,0.57596,-2.4069,-0.624,-0.35646,1.0583,-0.51838
0.11597,0.93328,-0.85358,0.034456,0.57288,0.48539,2.9772,-1.1884,-1.0606,-0.48319
0.11502,-0.26014,-0.85119,0.03436,0.57127,-0.51181,-1.4355,1.4794,0.95328,-0.041658
-0.021883,-0.26063,-0.84785,0.034225,0.56903,-0.90921,-1.2203,0.39936,0.536,1.9611
0.1146,-0.26169,-0.84453,0.03409,0.5668,-1.0489,1.1994,-0.63582,-1.0425,-1.036
0.11426,-0.26177,0.18103,-0.0073075,-0.1215,1.6373,-0.1286,1.3401,-0.87195,-0.18781
0.11406,0.9332,0.18348,-0.0074064,-0.12314,-0.30449,0.60743,-0.12839,1.1772,-0.35251
0.11403,-0.26183,-0.84339,0.034045,0.56604,0.42716,-0.082659,0.16388,0.070251,0.4679
0.1139,0.92924,0.18433,-0.0074406,-0.12371,-0.49623,-1.4766,-0.32218,0.26566,-0.96969
0.11373,0.92633,-0.84186,0.033983,0.56501,-2.0895,-0.13938,-1.4741,-0.72967,1.4505
-0.021895,-0.26237,0.18991,-0.0076661,-0.12746,1.2372,0.64121,-1.414,-0.23452,1.9415
-0.022244,-0.26342,-0.83926,0.033878,0.56327,0.18942,-1.2446,0.84662,0.37261,1.1082
-0.022551,-0.26623,-0.83891,0.033864,0.56303,0.41542,-0.17521,1.9179,-0.45736,-0.80132
0.1137,-0.26637,0.19408,-0.0078344,-0.13026,2.0962,-0.81708,1.7979,0.86377,2.2216
-0.022865,-0.26674,-0.83165,0.033571,0.55816,-1.0727,0.84025,0.19671,0.64702,1.1805
-0.023301,-0.26717,-0.82695,0.033381,0.555,-0.42678,1.331,-0.076286,-0.59461,-0.27973
-0.023398,-0.26777,0.19621,-0.0079202,-0.13168,-1.2133,-0.84952,0.016058,0.36345,-0.43093
-0.023417,-0.26859,0.19724,-0.0079618,-0.13238,-1.3204,0.82296,-0.68644,1.4239,-0.33252
-0.023485,-0.26925,-0.82449,0.033282,0.55335,-0.1575,0.24971,-0.77096,0.99031,1.398
0.11356,-0.27144,0.19821,-0.0080008,-0.13302,0.55375,1.5582,-0.8788,1.538,0.302
-0.024019,0.91109,0.20003,-0.0080743,-0.13425,0.14889,0.68897,-1.2642,-0.48809,-0.65939
-0.024241,0.90903,0.20184,-0.0081477,-0.13547,-0.71952,0.25064,0.59825,0.41136,-0.57711
-0.024403,-0.27494,0.20364,-0.0082202,-0.13667,-0.33997,0.51057,0.82969,-0.64889,0.24497
0.1134,-0.28005,0.20431,-0.0082473,-0.13712,1.304,-0.11161,-1.0481,1.4346,-1.0974
0.11252,0.90774,0.20533,-0.0082886,-0.13781,-0.34757,-0.97634,0.26543,-0.11586,-2.1506
-0.0248,-0.28257,0.20711,-0.0083601,-0.139,-1.9431,0.79412,-0.37335,0.35768,0.40066
0.11207,-0.28398,0.21153,-0.0085388,-0.14197,0.23092,0.9216,0.056775,0.17506,-1.2673
0.11173,-0.2867,-0.82409,0.033266,0.55309,0.42202,0.13625,-0.36424,-0.47572,0.97976
0.11169,-0.28806,0.21256,-0.0085803,-0.14266,0.39077,-0.10589,-0.32435,-0.17956,0.2736
-0.024982,-0.28843,-0.82325,0.033231,0.55252,-0.090213,-0.19924,1.8863,-0.96288,-0.39509
-0.025014,-0.29176,0.21568,-0.008706,-0.14475,1.0696,-0.93678,1.5671,0.015601,-1.2896
-0.025968,0.90617,0.21664,-0.0087449,-0.1454,1.1443,-0.93594,-0.87337,0.31146,0.13847
-0.026101,-0.29251,-0.82,0.0331,0.55034,-0.30824,0.17099,-0.99698,-0.71989,-1.3978
-0.026244,0.90192,-0.81697,0.032978,0.54831,-1.6453,0.45974,0.10218,-0.10859,0.18049
-0.026456,-0.29634,-0.81365,0.032844,0.54608,-0.39966,0.46156,0.32529,-1.2022,-0.13378
0.11152,-0.29875,0.21675,-0.0087495,-0.14547,0.26753,-0.49711,-0.73792,-0.75017,2.525
-0.026562,0.89585,-0.81207,0.03278,0.54501,-1.0498,-0.47868,0.19616,-0.65589,-0.89508
-0.027093,-0.30597,0.21781,-0.0087921,-0.14618,0.54106,0.05675,1.5511,-0.74967,1.5366
0.11065,-0.30655,0.21947,-0.0088594,-0.1473,-0.55753,1.4791,0.85818,2.2134,-0.43547
-0.027874,0.89332,0.22085,-0.0089148,-0.14822,0.085355,0.53458,-1.3296,0.26233,-0.071148
-0.027897,0.88929,-0.80675,0.032565,0.54145,0.57018,0.17186,-0.26134,-0.79815,0.26622
-0.028566,0.88728,-0.80509,0.032499,0.54033,1.2793,0.95877,0.69602,-1.3574,0.25844
0.10999,0.88029,-0.80295,0.032412,0.5389,-1.1434,0.45163,-0.0055835,-0.46808,0.089406
0.1098,0.87377,-0.80066,0.03232,0.53736,-0.53618,-1.572,1.3304,-0.9847,1.0762
-0.028671,0.86689,-0.80046,0.032312,0.53722,-0.31416,-0.23152,0.010605,0.43753,-0.1544
0.1097,0.86604,-0.79825,0.032222,0.53574,0.51669,-1.8323,1.8337,0.068587,0.56558
0.10955,0.85969,0.22222,-0.0089701,-0.14914,1.5534,-1.1203,0.22668,0.61522,0.25006
-0.028692,0.8511,0.22891,-0.0092401,-0.15363,1.3671,0.45931,0.4465,0.40351,-0.26537
0.10954,0.84843,-0.79634,0.032145,0.53446,-0.96771,-1.0836,0.25538,-1.2838,0.57703
-0.028862,0.8439,0.22974,-0.0092737,-0.15419,0.083075,0.37754,0.49552,-1.1516,-0.64513
0.10937,-0.30865,-0.79021,0.031898,0.53034,1.4594,1.8398,0.83312,-1.1905,1.9285
-0.028903,0.84303,0.23159,-0.0093486,-0.15543,-1.105,-0.22425,-0.44934,1.0378,-0.53609
-0.029082,0.84213,-0.78978,0.031881,0.53006,-0.73613,-0.54515,0.31521,-0.24821,2.1249
0.10912,-0.31224,0.23796,-0.0096055,-0.1597,-1.2159,0.32998,-0.69059,1.2909,0.73683
0.10896,0.8393,-0.78901,0.031849,0.52954,-0.22559,0.19451,0.23286,0.5397,0.44934
-0.029365,0.83753,-0.78881,0.031841,0.5294,-0.60512,0.78737,-1.0133,-0.0151,-0.25585
-0.029383,-0.31284,-0.78589,0.031724,0.52745,0.56523,0.98507,-1.3644,-0.76883,0.095045
-0.029487,-0.31479,-0.78216,0.031573,0.52494,0.6718,-0.24526,1.0912,-1.1983,-0.82626
0.10879,0.83684,-0.7791,0.031449,0.52289,0.54145,-0.37346,-0.52097,0.68183,0.57414
0.10822,0.83656,-0.7751,0.031288,0.52021,1.5962,-1.4638,-0.23349,0.82589,1.3614
0.10808,0.83485,0.23847,-0.009626,-0.16005,0.65313,-0.96971,1.1503,-0.46879,2.0271
-0.029717,0.83145,0.24015,-0.009694,-0.16118,1.1206,0.63606,0.65587,-0.10833,0.30674
-0.029854,-0.31633,0.24096,-0.0097268,-0.16172,0.65401,3.3417,-0.63803,-2.9589,-0.52966
0.10636,-0.31647,0.24702,-0.0099715,-0.16579,-0.80357,-0.070326,0.87617,-1.3216,0.40788
0.1062,0.83006,0.25159,-0.010156,-0.16885,1.6401,-1.5159,-2.1323,-0.066598,-1.0031
0.10568,0.82961,-0.77226,0.031173,0.5183,-0.4638,-1.293,-0.89322,-1.6499,0.049139
-0.029977,0.81175,-0.76859,0.031025,0.51583,0.56973,-0.91002,-0.82103,0.15746,0.16202
0.10538,-0.31733,-0.76328,0.030811,0.51227,0.82873,-1.7594,1.5578,-1.1661,1.2137
-0.029989,-0.31737,0.25493,-0.01029,-0.17109,0.17603,1.5632,1.0259,-1.5973,0.0033425
0.10505,-0.31744,-0.7618,0.030751,0.51127,-1.3684,-0.24809,-1.0049,-1.3643,0.80977
-0.030212,0.80725,-0.75876,0.030628,0.50924,0.19018,-0.54693,-0.19653,-1.0105,-1.764
0.10501,0.79738,-0.75755,0.030579,0.50842,1.065,0.47783,-0.72123,1.0248,1.2604
-0.030472,-0.32037,-0.75539,0.030492,0.50698,0.80711,0.03363,-0.22806,-0.14056,-0.59281
0.10459,0.79623,-0.7541,0.03044,0.50611,-1.1494,-1.1813,0.0085373,-0.12738,2.1789
-0.031223,0.79548,-0.74859,0.030218,0.50241,0.12154,-0.81253,0.63375,1.6756,-0.18038
0.1037,0.78856,0.25493,-0.010291,-0.1711,-0.40122,0.10885,0.56203,-0.18074,-0.87136
-0.03158,0.78461,-0.7484,0.03021,0.50228,-0.70518,0.92304,-0.86834,-0.073715,-2.444
0.10264,0.78224,-0.74556,0.030095,0.50038,-0.851,0.15549,-0.29241,-0.35155,0.086811
0.10042,0.77733,0.25668,-0.010361,-0.17227,-2.8191,-1.5505,-0.46024,1.4204,0.23775
0.10014,-0.32071,0.25732,-0.010387,-0.1727,0.73065,-1.8081,0.82015,0.55098,-1.2854
-0.031758,0.77606,0.25863,-0.01044,-0.17358,-0.51444,0.062967,-0.6165,0.5862,-0.61704
-0.032104,0.76936,0.26262,-0.010601,-0.17626,-0.38038,-0.38021,-0.079116,1.0401,-0.32279
0.099982,-0.32569,0.2643,-0.010669,-0.17738,1.0452,-1.5888,0.04395,-0.028993,0.62029
0.099461,0.76877,0.2684,-0.010834,-0.18014,-1.6157,-0.091631,-0.074356,-1.4395,1.1871
0.099268,0.76813,-0.73383,0.029622,0.49251,0.21511,-1.6364,0.81049,-0.25187,-1.2323
-0.032186,-0.32639,0.26902,-0.010859,-0.18055,0.2866,0.27534,0.42904,2.8771,1.0504
0.09916,-0.32716,0.27195,-0.010978,-0.18252,-1.0641,0.63312,0.0028967,-1.7531,-1.3151
-0.032202,0.76239,-0.73244,0.029566,0.49158,-0.87501,-0.60085,-0.68693,-0.4128,0.38815
0.098957,-0.32955,0.27335,-0.011034,-0.18346,-1.136,0.78963,-0.14851,-1.5089,1.0324
-0.032596,-0.33537,0.27399,-0.01106,-0.18389,-0.70899,0.45585,0.6998,1.1119,0.77688
0.098904,-0.33551,0.27558,-0.011124,-0.18496,1.4648,0.19422,0.54952,1.0776,-0.2924
0.098869,-0.3358,0.27901,-0.011262,-0.18725,0.28076,-0.29572,-0.34731,-0.31623,0.24163
0.097489,-0.33802,0.28057,-0.011326,-0.18831,-0.42751,-0.90308,-1.3594,-0.23438,-1.1533
-0.0326,-0.34078,-0.73045,0.029486,0.49024,1.4846,1.0579,0.18482,0.69452,-0.093501
0.097213,0.7571,0.28147,-0.011362,-0.1889,-0.37278,0.11384,0.66263,0.12467,0.31641
-0.032681,-0.34084,-0.72695,0.029344,0.48789,-0.47461,-0.85379,-0.87461,0.32873,0.84736
0.096097,-0.34585,0.28369,-0.011452,-0.1904,-0.89474,-0.65509,-1.4496,0.23668,-0.086897
-0.032958,0.74998,0.28373,-0.011453,-0.19042,-1.0165,0.6946,-0.44394,-0.43223,-0.057913
0.096094,0.74443,-0.72136,0.029119,0.48414,0.86151,1.1644,-1.3434,-0.76119,-0.97759
-0.033064,-0.34637,-0.71918,0.029031,0.48268,1.0408,-0.63258,0.089286,-0.36985,1.1935
-0.03312,-0.35182,-0.71627,0.028913,0.48072,-0.96385,-2.2242,-0.95256,-1.4976,-0.27317
-0.033663,0.74141,-0.71477,0.028853,0.47971,-0.25365,-0.31637,1.6731,2.2797,-1.3415
0.094618,0.73773,-0.71139,0.028716,0.47744,1.4852,0.50765,2.1317,-1.4005,-0.041101
-0.033725,0.73658,0.28596,-0.011543,-0.19192,0.022068,-0.60458,-0.37573,-0.73143,0.84388
0.094583,-0.3552,-0.70996,0.028658,0.47648,0.98624,0.1407,0.13988,-0.9321,-0.90012
-0.033815,0.72107,-0.70855,0.028602,0.47554,-0.56163,-1.6472,0.98124,0.34446,-0.48183
0.094572,-0.35534,0.28694,-0.011583,-0.19258,-0.6796,-1.3064,1.3002,0.28942,-0.47738
0.094542,0.72098,0.29703,-0.01199,-0.19935,0.88139,0.59116,-0.75168,-0.46845,0.16639
0.094392,0.7163,0.30042,-0.012127,-0.20162,-0.71365,0.66858,1.7668,2.4003,-0.48411
-0.034063,0.71461,0.30698,-0.012392,-0.20603,0.35148,0.13701,-1.2972,-0.011225,0.48138
-0.034428,0.71445,-0.69745,0.028154,0.46809,-0.095029,0.44068,0.76962,-0.97731,0.096939
0.093458,0.71396,0.30916,-0.01248,-0.20749,1.3507,0.0033076,-0.22192,-2.7634,0.46771
-0.03456,0.7118,0.30974,-0.012503,-0.20788,0.40922,-0.19142,-0.60618,-0.51867,0.25343
-0.03474,0.70523,0.31015,-0.012519,-0.20815,1.4139,-0.35014,1.5273,0.91467,0.25361
0.092743,0.7012,-0.69448,0.028033,0.4661,-1.1835,-0.2916,-0.72387,0.721,-0.12878
0.092233,0.69591,-0.69235,0.027947,0.46466,-0.69174,0.20718,1.5142,-0.37443,-1.7173
0.091753,-0.35617,-0.6914,0.027909,0.46403,-0.33074,0.66742,-1.3538,0.32183,1.5969
0.091751,-0.3573,-0.69044,0.02787,0.46338,1.1865,-1.2698,1.3717,-1.2581,-0.13911
-0.034951,-0.364,-0.68938,0.027828,0.46267,-0.13811,-0.59524,0.54765,1.6553,-0.64853
-0.035434,-0.36613,0.31053,-0.012535,-0.20841,-1.2555,0.59531,0.57136,0.21501,-0.86445
0.091549,-0.36668,0.31066,-0.01254,-0.2085,0.99891,0.54262,0.21853,0.80374,-1.0605
0.091471,-0.36717,0.31195,-0.012592,-0.20936,-0.1028,-0.083666,1.334,-0.50697,0.74065
-0.035924,-0.36835,-0.68859,0.027796,0.46214,-1.4613,0.47861,-0.45723,1.7172,-0.46955
-0.036333,0.69415,-0.68494,0.027648,0.45969,0.76468,0.15156,-0.62261,-0.24769,-1.7199
-0.036433,0.68926,0.31293,-0.012632,-0.21002,-0.74309,-0.27986,-0.54995,0.059902,-1.4769
0.090878,-0.37173,0.31331,-0.012647,-0.21027,-0.77491,0.57489,0.063404,1.416,0.4191
-0.036495,-0.37251,0.31651,-0.012777,-0.21243,-0.61571,-0.4079,-0.46172,-0.73164,-0.52586
0.090807,-0.37641,0.32007,-0.01292,-0.21482,-0.93085,-3.6386,-0.0072474,-1.2011,0.50157
-0.036682,-0.38183,0.32138,-0.012973,-0.21569,-1.2348,-0.45383,0.7653,-2.0676,0.53891
-0.036892,0.68703,0.32559,-0.013143,-0.21852,0.18844,-1.3124,-1.2933,0.87199,0.91753
0.090727,-0.38539,0.32784,-0.013234,-0.22003,-0.76194,1.2201,-0.4019,0.33136,-0.71506
0.090458,0.68657,-0.68386,0.027605,0.45897,1.0894,-0.064535,0.32801,-0.55943,1.1848
-0.037553,0.67812,0.3299,-0.013317,-0.22141,1.4228,-1.2629,2.4636,-1.0495,-0.93067
0.090257,0.67599,-0.68345,0.027588,0.4587,-0.91279,0.63002,0.13106,0.66639,-1.3492
-0.037625,-0.38615,0.33475,-0.013512,-0.22466,-0.57645,0.19355,0.98162,-0.47554,1.1848
-0.037742,-0.38912,0.33494,-0.01352,-0.22479,-0.15512,0.53846,0.44853,0.16161,-0.90896
-0.037982,0.67525,0.34542,-0.013943,-0.23182,0.25878,0.22303,0.61059,1.4309,0.75892
0.090093,0.6644,-0.68042,0.027466,0.45666,-0.56715,1.0352,0.012337,0.9179,-1.5048
0.089818,0.66246,-0.67409,0.02721,0.45241,-0.1385,-1.4141,0.81995,2.3961,0.41358
0.089753,0.66036,0.34558,-0.01395,-0.23193,-0.38592,-0.68442,-0.10567,-0.87239,-1.5232
-0.038165,0.65883,0.34585,-0.013961,-0.23212,1.3063,-0.51352,0.27199,0.52203,-0.094953
-0.038178,0.65877,-0.67073,0.027075,0.45016,0.8575,-0.076747,0.97368,-0.12375,-0.8964
0.089,-0.39089,-0.66684,0.026918,0.44754,-0.081996,0.19178,-0.27343,-0.69986,-1.1717
-0.038284,-0.39091,-0.66479,0.026835,0.44617,0.14478,0.73585,-0.081068,0.24678,0.58271
-0.038419,0.65769,0.34772,-0.014036,-0.23337,-3.3895,0.19482,1.4282,0.67314,-0.76089
-0.038506,0.65441,-0.66121,0.026691,0.44377,0.22738,0.60779,-1.6294,-2.397,0.47827
-0.038669,0.65207,-0.66065,0.026668,0.44339,-0.25355,0.75053,0.050379,-0.17909,0.64814
0.088814,0.65091,0.3483,-0.014059,-0.23376,0.78945,-1.884,-1.0819,0.82622,0.53379
0.088696,0.64698,-0.65531,0.026452,0.43981,-1.5933,0.79791,0.83178,-0.64151,0.3924
-0.038857,0.6465,-0.64959,0.026221,0.43597,-0.0399,-0.50345,-0.46121,-0.26772,0.62736
0.088664,-0.39124,-0.64248,0.025935,0.4312,-1.0894,0.29595,-0.38479,0.074981,-2.028
0.087819,0.64628,0.34898,-0.014087,-0.23422,-0.79767,-0.57467,0.93858,-1.6172,0.20389
0.087586,-0.39146,0.34956,-0.01411,-0.2346,0.25342,0.88306,1.2236,-0.21296,1.7876
-0.03892,0.6457,-0.64155,0.025897,0.43057,1.0122,0.022153,1.2436,-0.19419,-1.2397
-0.039274,-0.3945,0.35009,-0.014132,-0.23496,-0.63458,1.8269,-1.3055,-0.45862,-1.5284
0.087121,0.64041,0.35079,-0.01416,-0.23543,-1.1167,0.91071,-0.15759,-0.6376,-0.68074
-0.039418,0.63982,0.35532,-0.014343,-0.23847,-0.54926,1.5015,0.69307,-1.4905,1.1688
-0.039567,0.63739,0.36221,-0.014621,-0.2431,0.97146,1.4498,-0.88739,-0.36439,-1.6106
0.087072,0.63672,0.36393,-0.014691,-0.24425,0.044979,-2.2151,-1.4801,-1.6985,0.56158
-0.040279,0.62897,-0.63496,0.025631,0.42615,-0.15972,1.2848,-2.5696,0.58177,-0.43897
-0.040726,0.62394,0.36427,-0.014704,-0.24448,0.016529,0.57587,0.16603,2.2267,0.53665
-0.041143,0.62318,-0.63192,0.025508,0.42411,1.025,-0.090052,-0.63009,0.15936,0.12228
0.086876,-0.39658,-0.63161,0.025496,0.4239,0.31103,-0.98683,1.1675,0.63356,0.50809
-0.041271,0.61974,0.36601,-0.014774,-0.24565,-0.93993,1.1791,1.4841,-1.8461,0.56821
0.086806,0.6171,-0.63035,0.025445,0.42306,0.81734,-1.6142,-0.93233,2.4703,-1.7595
0.086522,-0.399,-0.63,0.025431,0.42282,1.3694,1.055,-0.88957,-1.1213,0.081562
-0.04142,-0.40036,-0.62408,0.025192,0.41885,1.4704,-0.57931,2.5281,0.41265,-0.35376
0.086106,0.61654,0.36641,-0.014791,-0.24592,0.51652,-1.0375,-0.44264,1.4451,-1.3369
0.085831,0.61556,0.36778,-0.014846,-0.24683,-1.0869,1.7641,-1.5262,0.13324,0.36989
-0.041741,0.61515,-0.62208,0.025111,0.4175,-0.45503,0.020419,0.2671,-0.6926,0.74119
0.085527,0.61374,-0.62043,0.025045,0.4164,1.0275,0.47578,1.2749,-0.15952,-0.37981
0.085517,0.60993,0.36983,-0.014929,-0.24821,0.45002,-1.8616,-0.28785,-0.038218,-0.37518
-0.042009,0.60101,0.37373,-0.015086,-0.25083,1.142,-0.4041,1.086,-0.26275,1.1265
-0.042088,0.5953,-0.61763,0.024931,0.41452,0.92745,0.40131,-0.65246,-0.64621,0.567
0.084844,0.59525,0.38067,-0.015366,-0.25549,0.86873,-1.9691,-1.3031,1.563,0.027883
-0.042248,0.58661,0.38119,-0.015387,-0.25583,0.043413,-0.85219,-0.21572,1.3312,-0.38407
0.084759,-0.40048,0.38243,-0.015437,-0.25666,-0.076697,0.89007,0.50978,-0.37905,-1.0337
0.084413,0.5836,-0.6128,0.024737,0.41128,0.6468,0.3463,0.46334,0.8811,0.43449
-0.042392,-0.4017,-0.6109,0.02466,0.41,1.5419,-1.7665,0.73699,-1.3218,0.015908
-0.04246,-0.40174,0.38251,-0.015441,-0.25672,0.57916,1.7205,0.15814,1.7753,-0.016976
0.082377,0.58298,-0.6088,0.024575,0.40859,0.017022,0.56702,-0.84722,-1.5738,0.39686
0.082154,-0.40264,0.38743,-0.015639,-0.26002,0.45558,-0.66269,0.32181,1.7079,-1.2485
-0.044514,0.57942,-0.60819,0.02455,0.40818,0.15901,1.1813,-1.2488,1.8117,2.1502
-0.04469,-0.40355,0.38774,-0.015652,-0.26023,0.44427,-0.51631,-0.85517,-0.57447,-2.4197
-0.044826,0.57917,-0.60765,0.024529,0.40782,-0.4303,-1.0226,-0.5338,0.55014,-0.17039
-0.04525,-0.40364,0.38799,-0.015662,-0.2604,0.44355,-1.0264,0.8284,-0.29447,0.0072868
-0.045319,-0.40456,0.38863,-0.015687,-0.26083,1.4337,0.043411,-0.68845,1.1689,0.19921
-0.045514,-0.40771,0.38985,-0.015737,-0.26165,2.3835,-1.0868,1.3356,-0.55454,-0.74565
-0.045608,-0.40876,0.39301,-0.015864,-0.26377,0.25003,0.14156,0.56263,-1.3229,0.47887
0.081998,0.57839,-0.60601,0.024462,0.40672,1.1283,0.029819,-0.072437,0.57518,1.8651
0.081475,0.57759,0.39904,-0.016108,-0.26781,0.43826,0.9982,-0.00024104,-1.7757,1.0824
-0.046167,-0.41505,0.40043,-0.016164,-0.26875,0.87228,-0.23342,-0.13189,-0.67009,-0.84817
-0.046362,0.57501,-0.60297,0.02434,0.40468,-0.91873,0.66262,-0.10845,-1.7049,0.9659
0.081373,0.57432,0.40104,-0.016189,-0.26916,-1.6865,-1.7757,-0.91844,2.6492,0.12388
-0.046765,-0.41599,0.40188,-0.016223,-0.26972,-1.0469,0.39859,0.85856,0.28547,2.2717
0.081324,-0.41775,-0.60197,0.024299,0.40401,0.42244,0.99351,1.7815,-1.193,-0.2172
-0.046918,-0.41778,0.40712,-0.016434,-0.27324,1.6803,0.097815,0.27732,-1.2043,0.50525
0.079024,0.57158,0.40792,-0.016466,-0.27378,1.7368,0.023384,0.77462,-0.010888,0.16526
0.078345,0.57033,0.40991,-0.016546,-0.27511,0.49156,-0.12939,-0.57388,1.4971,-1.2334
-0.047287,-0.41798,-0.596,0.024058,0.4,2.0521,-0.31981,0.17175,0.35073,-0.92751
0.078168,-0.42043,0.4109,-0.016586,-0.27577,1.7963,0.029371,-0.29545,0.19068,-1.1869
0.077451,-0.42827,-0.59118,0.023864,0.39677,-0.094136,0.22485,-1.4788,-0.93337,-0.68639
-0.048092,0.56909,0.41315,-0.016678,-0.27729,1.4225,-0.72403,-0.89496,1.3666,-0.43822
0.077015,-0.43153,0.41567,-0.016779,-0.27897,1.0259,-0.55152,-0.074482,0.41785,1.0311
-0.048512,-0.43358,0.41638,-0.016808,-0.27945,-1.3355,0.16279,-0.82858,0.76869,0.74903
-0.049013,0.56657,0.41647,-0.016811,-0.27951,0.099979,-1.0835,-1.812,-1.3841,1.6694
-0.049159,-0.43542,-0.58484,0.023608,0.39251,-0.92408,-0.50829,0.56976,1.4206,1.2361
-0.049243,0.56299,-0.58438,0.023589,0.39221,0.86563,0.56081,0.16055,-1.4731,0.41382
-0.049649,0.56139,0.41665,-0.016819,-0.27963,-1.5249,1.1947,0.36316,-0.44999,0.098536
0.076615,-0.43559,0.41817,-0.01688,-0.28065,1.1433,0.5419,0.60954,0.82745,0.052971
0.076518,0.55537,0.41964,-0.016939,-0.28164,-0.46197,1.0158,-0.76565,-0.27411,1.7532
-0.049683,0.55237,-0.5833,0.023546,0.39148,0.41648,-0.70001,-0.14812,0.66625,2.5152
-0.049784,-0.43751,-0.577,0.023291,0.38725,0.61913,-0.090872,-1.0318,-2.0589,0.62042
0.075905,-0.43774,0.4212,-0.017002,-0.28268,0.16261,0.64108,-1.9795,-0.91877,-2.4497
0.074964,-0.44,-0.57322,0.023139,0.38471,1.5683,-1.0985,0.24788,-1.8325,0.87433
0.074707,0.55182,0.42538,-0.017171,-0.28549,0.80573,0.046069,0.72305,-0.12194,0.34622
0.074658,0.5487,0.43131,-0.01741,-0.28947,0.49638,-0.65839,-1.6652,1.4809,0.38241
-0.05008,-0.44205,-0.56866,0.022955,0.38165,-1.3316,-1.0816,2.1175,0.75113,-0.63274
-0.050267,-0.4428,-0.56522,0.022816,0.37935,-0.62907,-0.28381,0.65189,-0.56677,-0.61315
-0.050336,-0.44323,-0.56408,0.02277,0.37858,0.13012,1.4567,0.15856,-1.1748,1.228
0.074404,0.54756,-0.56094,0.022643,0.37647,-0.062154,0.73117,1.3455,0.72285,0.55325
0.074155,-0.44382,-0.55738,0.0225,0.37409,-1.2622,-0.28346,-1.595,-0.38586,-0.030114
0.074108,0.53968,-0.55123,0.022251,0.36995,-2.0722,-0.28724,-1.0209,-1.3775,0.32863
0.073745,-0.44766,-0.551,0.022242,0.3698,-0.58621,1.2758,-0.19798,0.41053,1.4467
0.073475,-0.44788,-0.54828,0.022132,0.36797,-0.64569,1.7834,-0.45627,-0.41539,1.0204
-0.050412,0.53705,0.43161,-0.017423,-0.28967,-0.30966,-0.16053,-0.2148,2.0177,0.32373
0.07341,0.53563,0.43277,-0.017469,-0.29045,-0.70901,1.551,0.16301,-0.96395,0.6967
0.073219,0.53348,0.43759,-0.017664,-0.29369,0.45038,-0.36307,0.51208,0.90689,-0.83334
-0.05044,-0.45205,-0.54651,0.022061,0.36679,-1.2264,-1.0225,0.3941,-0.90032,0.027657
0.072227,-0.45394,-0.54585,0.022034,0.36635,-1.6989,2.022,0.038268,-0.4995,0.157
0.071584,-0.45728,0.43816,-0.017687,-0.29407,-0.60512,1.9683,-1.8396,-1.094,-0.35074
-0.050669,-0.4594,0.43915,-0.017727,-0.29473,1.0617,1.3802,-0.42503,-1.3307,-2.7235
0.070578,-0.46091,0.44046,-0.01778,-0.29561,0.12465,2.024,0.19963,1.562,0.42715
-0.050863,-0.46169,0.44304,-0.017884,-0.29734,0.70276,-0.40308,0.10863,0.011653,-0.70711
0.070502,-0.46698,-0.53581,0.021629,0.35961,0.70491,1.5114,0.51297,0.3667,0.21524
0.070312,-0.46764,-0.53471,0.021584,0.35887,0.53759,-1.0536,-0.35759,-0.55156,-0.072522
-0.050868,-0.46811,0.44927,-0.018135,-0.30153,-2.016,-0.60048,1.0892,-0.56264,0.0099878
0.070101,0.53061,-0.53303,0.021517,0.35774,-0.39522,2.3635,0.87804,-2.8502,0.74335
-0.051057,0.52971,-0.53236,0.02149,0.35729,-0.90174,0.90031,0.0073833,-1.1421,-1.7499
-0.051523,0.52725,-0.53182,0.021468,0.35693,-0.042918,0.33346,2.2533,-0.32191,0.47044
-0.052037,-0.46969,0.44993,-0.018162,-0.30197,0.6167,0.25507,0.93161,0.41327,1.0828
-0.052109,-0.47305,-0.53148,0.021454,0.3567,-1.2199,-0.34008,0.073114,0.51381,0.86617
0.069992,0.51786,0.45283,-0.018279,-0.30392,-0.11796,-1.4673,0.877,-0.9756,0.56679
0.06978,-0.47388,-0.52882,0.021347,0.35492,1.2001,-1.8974,-3.0816,0.79156,-1.0754
0.069482,0.51755,-0.52611,0.021237,0.3531,-0.34099,0.24815,-0.74079,-2.0389,0.81864
0.069077,-0.47603,-0.5232,0.02112,0.35114,-0.014123,0.95805,-0.62859,-0.66795,-0.31839
-0.052412,-0.47815,-0.52165,0.021057,0.3501,1.0216,-0.23448,-1.3339,-0.51586,-0.25566
0.068754,-0.47996,0.4542,-0.018334,-0.30484,1.3878,-0.28732,-1.5085,0.4627,-0.17949
-0.05325,-0.48372,-0.52148,0.02105,0.34999,0.53361,-0.0037552,-0.57922,-0.29674,0.21331
0.068467,-0.48522,-0.52026,0.021001,0.34917,1.0309,-1.6575,-0.43834,-0.48139,1.0093
-0.053269,0.51367,-0.5158,0.020821,0.34618,-0.11028,-0.035353,-0.58413,-0.89972,0.1076
-0.05378,0.51245,0.45511,-0.018371,-0.30545,0.72505,1.4943,-0.0072102,-1.8134,-0.98462
0.067741,-0.48526,-0.51553,0.02081,0.346,-0.075854,0.48393,-0.72007,1.0332,-0.23895
-0.054144,0.51009,-0.51229,0.020679,0.34382,-1.3761,-1.233,1.1235,-1.6911,1.9428
0.06755,-0.48613,0.45567,-0.018394,-0.30582,-1.0059,0.47836,-2.3261,-0.02655,-1.2648
0.066057,0.50858,-0.51219,0.020675,0.34375,1.5451,2.0707,-1.4787,0.32143,0.018259
0.065696,-0.4876,-0.51078,0.020618,0.34281,-0.32322,-3.0511,0.7389,-1.2012,0.71653
0.065676,-0.48786,-0.50908,0.02055,0.34167,1.8951,0.63701,-1.3979,-0.061276,-0.5457
-0.055053,0.50469,0.456,-0.018407,-0.30604,0.10008,-0.56083,-1.4995,1.2037,0.42598
0.065021,0.49578,-0.49842,0.020119,0.33451,0.98947,1.7424,-0.29126,1.604,-0.70519
0.064948,0.49404,0.4567,-0.018435,-0.30651,1.2566,0.10785,-1.2673,-0.57707,0.7579
0.064578,-0.4893,-0.49414,0.019946,0.33164,0.71903,-2.43,-0.44535,-0.69285,0.3191
0.064434,0.49149,0.45923,-0.018537,-0.30821,-0.36756,-1.2334,-0.6879,-0.5852,-0.23743
0.064242,0.49046,0.46254,-0.018671,-0.31043,-0.36227,1.1645,0.14232,-0.89185,1.0732
-0.05553,-0.49106,-0.49369,0.019928,0.33134,-1.6983,0.45244,-0.38604,-1.0136,0.63929
-0.055601,0.49022,-0.49293,0.019898,0.33083,0.070846,0.078309,0.95872,-0.45715,1.0332
0.063957,0.48753,0.46272,-0.018678,-0.31055,-2.0886,2.2691,0.3806,2.2024,-0.84748
-0.055772,0.48397,0.46373,-0.018719,-0.31123,-1.5186,-0.26573,0.81925,-0.55154,-2.2632
0.063665,-0.49274,-0.49272,0.019889,0.33069,0.91223,-0.07191,1.4778,0.33874,-0.27135
-0.056348,-0.49351,-0.49227,0.019871,0.33038,1.4884,0.42721,0.38473,-0.78812,-0.9107
0.063526,-0.49521,0.46641,-0.018827,-0.31303,-0.6223,-2.983,-0.017414,0.80373,0.077686
-0.056834,-0.49753,-0.48825,0.019709,0.32769,-0.8117,0.36767,-0.044258,1.6963,-0.24798
0.063102,0.47942,-0.48705,0.01966,0.32688,0.58204,-0.011428,1.7047,1.8448,1.28
-0.056942,0.47619,-0.48295,0.019495,0.32413,0.74627,-1.5293,0.38663,-0.69085,0.17307
0.063102,-0.49771,-0.48294,0.019494,0.32412,0.53377,-0.83685,0.7012,-0.73515,1.8361
0.062763,0.4753,0.47583,-0.019208,-0.31935,0.46455,-0.4203,0.4995,-1.1293,0.12709
0.062591,-0.4993,-0.48214,0.019462,0.32359,0.94681,-1.2029,-0.14692,0.13548,-2.2306
-0.057124,-0.50247,0.47751,-0.019275,-0.32048,-0.1025,-0.40324,-0.39103,0.082947,-1.2851
0.062242,0.47201,-0.47896,0.019334,0.32145,-0.24672,-1.7014,-0.78593,0.31987,0.25066
-0.057246,0.47181,-0.478,0.019295,0.32081,0.25496,-0.13457,1.0084,1.2696,0.092775
0.06224,-0.50399,-0.47646,0.019233,0.31978,-0.6534,2.2113,0.46326,0.44543,0.017886
0.062196,-0.5043,0.48158,-0.01944,-0.32321,-1.9517,-2.6238,-0.07578,-2.8086,1.2899
-0.057473,0.47047,0.48255,-0.019479,-0.32386,1.2621,-1.7488,-2.1239,1.6522,0.12419
0.062137,-0.50492,-0.47611,0.019219,0.31954,-0.8251,0.58225,-0.71515,1.7731,-0.82724
0.061918,0.46713,0.48431,-0.01955,-0.32504,0.7431,-0.45527,0.48656,0.21412,0.093294
0.06186,0.46291,0.49279,-0.019892,-0.33074,1.7399,-1.1181,-0.98914,2.0662,-0.23559
0.061657,-0.50525,0.49733,-0.020075,-0.33378,0.53367,0.77643,1.942,-1.5251,0.14594
-0.057691,0.45754,0.49866,-0.020129,-0.33468,-0.22972,-1.0226,-0.10439,-0.99313,0.62973
-0.057899,0.45536,-0.47415,0.01914,0.31822,0.86611,0.76221,0.59423,1.5293,0.83445
-0.058192,0.45304,-0.47312,0.019098,0.31753,-0.028976,1.0629,1.264,0.99244,1.4211
0.061248,-0.50605,-0.47186,0.019047,0.31669,0.80633,0.078303,-0.88391,-0.49003,-1.379
0.060633,-0.50895,0.4988,-0.020135,-0.33476,-0.6159,0.42448,0.17765,-0.57239,0.93713
-0.058491,-0.5169,-0.47057,0.018995,0.31582,-0.26509,-1.477,-0.0045534,2.44,1.1948
-0.05871,0.45199,0.4997,-0.020171,-0.33537,0.41785,-0.25722,0.38684,-0.3072,-1.7668
-0.059592,-0.5194,-0.46971,0.018961,0.31524,-1.0159,-0.02535,1.7353,2.2368,-0.21301
-0.059889,0.44252,-0.46551,0.018791,0.31242,-0.030047,-0.47294,0.15566,0.58747,0.23854
0.06052,0.44123,0.50214,-0.020269,-0.33701,0.14294,-0.11919,-1.3006,-1.2184,0.52917
0.060488,0.4384,-0.46265,0.018675,0.3105,0.036588,1.7303,-1.7046,0.56335,0.31056
-0.059926,0.43771,-0.46082,0.018602,0.30928,-0.59317,0.51975,0.24262,-0.71708,-0.82048
-0.060219,-0.52099,-0.45653,0.018429,0.3064,-0.97958,1.5918,-0.23431,0.42808,-0.57689
-0.060302,0.43637,-0.45555,0.018389,0.30574,0.34895,1.1469,0.73096,-1.0501,-0.49583
0.06015,-0.52239,-0.45443,0.018344,0.30499,0.64588,0.094082,0.70071,-0.40795,-1.1237
-0.060836,0.43616,-0.45165,0.018232,0.30312,0.42373,-0.65518,-0.012962,-0.32455,0.86748
0.059962,0.43508,0.50454,-0.020367,-0.33862,0.33451,-0.48949,-0.2917,-0.1923,0.54321
0.05976,0.43383,-0.44999,0.018164,0.30201,-0.55869,1.0121,-0.30242,-0.12601,1.1622
-0.060975,0.43361,0.50611,-0.02043,-0.33968,0.025792,1.2816,-0.78422,-0.36565,0.50604
-0.061204,-0.52519,-0.4482,0.018092,0.30081,-2.123,1.2469,-0.24148,0.088589,0.1552
-0.061384,0.43251,-0.44687,0.018039,0.29992,-0.08581,-0.72527,-0.6547,-0.77563,-0.18132
-0.061958,0.43142,-0.44451,0.017943,0.29833,0.42388,1.2812,-0.16205,-0.49189,-0.38359
0.059661,0.4261,-0.44438,0.017938,0.29824,1.0429,-0.34426,-2.5576,-0.96114,-0.69299
-0.061969,-0.5256,-0.44291,0.017879,0.29726,-0.000744,-0.61003,-0.8443,-0.80028,-1.0533
0.059393,0.42388,-0.44255,0.017864,0.29702,-1.8553,1.4498,-1.2019,0.10596,0.90712
-0.062216,0.42317,-0.43845,0.017699,0.29426,0.80358,0.49997,1.1284,-0.30029,-0.62237
0.059249,0.42007,-0.43722,0.017649,0.29344,0.1208,1.3337,-0.31933,-0.21626,1.7727
-0.06227,-0.53255,0.50734,-0.02048,-0.3405,-0.19822,2.8372,1.2688,-0.79594,-1.1542
0.059133,-0.53284,0.50942,-0.020563,-0.34189,2.3678,-0.68945,-0.73582,0.37089,0.022723
0.059111,-0.53495,-0.43576,0.01759,0.29246,-0.68538,0.75591,-0.45377,-0.73973,-0.32337
-0.062938,0.41618,0.50967,-0.020574,-0.34207,-1.4696,0.14231,1.6295,2.8747,-0.65768
-0.062999,0.41203,-0.4326,0.017462,0.29034,0.76621,0.66685,0.79668,0.40471,-1.2873
-0.063107,0.40805,-0.42887,0.017312,0.28783,0.35912,0.89275,-1.0114,0.047668,-1.0228
0.058554,-0.53497,0.51347,-0.020727,-0.34461,-0.21578,-1.39,-0.56863,1.3477,0.61317
-0.063778,0.40383,0.51441,-0.020765,-0.34524,-0.047005,1.3994,1.087,-0.71901,1.1858
0.058483,0.4032,0.51547,-0.020807,-0.34595,-0.61238,-1.6099,0.89617,-0.56536,-0.96113
-0.06378,-0.53623,-0.42854,0.017298,0.28761,-0.94565,-1.166,-1.2404,0.76912,-0.59144
0.05778,-0.5366,0.51685,-0.020863,-0.34688,0.66823,0.14686,1.0465,0.89416,-0.23166
-0.063836,-0.53985,0.51898,-0.020949,-0.34831,-0.59771,-1.0805,0.94151,0.52721,1.9507
0.057711,-0.54114,0.52334,-0.021125,-0.35124,0.77991,-0.16733,-0.7522,0.53475,0.6552
-0.064244,-0.54136,0.52577,-0.021223,-0.35287,0.5689,-1.6827,0.66091,-0.56022,0.72218
-0.064796,-0.54407,0.52987,-0.021389,-0.35562,-1.8884,1.1713,0.80652,-0.81459,-2.0112
0.057388,0.39927,-0.42768,0.017264,0.28703,0.54339,1.138,0.61204,1.4327,0.33061
-0.065015,-0.54694,-0.42249,0.017054,0.28355,0.54027,0.62312,-0.45151,-1.1078,1.0177
0.057345,0.39632,-0.42081,0.016987,0.28243,1.0502,-0.98313,0.28378,0.56344,-0.029261
0.056851,-0.54808,-0.42025,0.016964,0.28205,-0.84866,0.1516,0.69987,-0.68368,-0.79332
-0.065485,0.39526,-0.41976,0.016944,0.28172,-0.97442,-1.4672,0.022244,1.9085,0.77535
-0.066019,0.38995,0.53121,-0.021443,-0.35652,-2.2363,1.4161,0.0088784,-1.4705,-0.93182
-0.066398,-0.54824,-0.41933,0.016927,0.28143,-0.76271,-0.31691,1.3528,-0.19574,-0.33735
0.055897,-0.55228,-0.4159,0.016788,0.27913,-0.57151,-0.5691,0.36193,-1.7549,-0.44014
-0.066412,0.38835,0.53137,-0.021449,-0.35663,-1.4309,0.13431,0.85402,0.08202,1.3986
-0.067097,0.38563,-0.41543,0.016769,0.27881,-0.68128,1.6282,0.65502,-1.8427,0.55853
-0.067162,0.3845,0.53273,-0.021504,-0.35754,0.56647,-1.3373,-1.0511,-1.0023,-0.43386
-0.067353,-0.55391,0.53653,-0.021658,-0.36009,0.3709,0.31266,0.52786,0.052738,0.074012
0.05572,0.38337,0.53803,-0.021718,-0.36109,-0.41377,0.3356,-1.1158,-0.48747,0.75935
-0.067379,0.3823,0.54045,-0.021816,-0.36272,-0.32921,-0.34538,0.52339,0.49766,0.47569
0.055364,-0.5579,0.54084,-0.021832,-0.36298,-1.2171,2.0291,-0.22615,-0.38032,0.020019
0.054324,-0.55841,0.54859,-0.022145,-0.36818,1.1936,-0.46599,-0.29728,0.73755,0.087727
-0.06739,-0.56002,-0.41464,0.016738,0.27828,0.32971,-0.63765,0.66873,-2.0226,0.69058
0.054258,0.37666,0.54879,-0.022152,-0.36832,-0.53328,-1.3332,-1.055,1.9851,0.68237
0.053671,-0.56061,-0.40806,0.016472,0.27387,0.3336,-0.59688,0.4751,-1.8244,0.68256
0.053644,0.36968,-0.40715,0.016435,0.27326,0.95159,-0.16137,-1.5379,-2.6838,-1.7557
-0.067709,-0.56121,0.55133,-0.022255,-0.37003,0.62024,-0.60807,-1.9621,0.063154,-1.1386
-0.067873,-0.56124,-0.40706,0.016431,0.27319,-1.5369,0.65064,0.37555,-1.8466,-0.35829
0.053605,0.36843,0.55184,-0.022276,-0.37037,-0.58715,-0.28173,0.3227,1.0647,-2.1665
0.053464,0.3613,0.55529,-0.022415,-0.37268,-0.060089,-0.0051771,-1.0858,-0.36142,1.5724
0.053343,0.35755,-0.40459,0.016332,0.27154,-1.1422,-1.2477,0.015348,-0.26261,1.5816
-0.068185,0.35444,0.55581,-0.022436,-0.37303,-0.54455,-0.65162,0.33809,1.6943,-0.20748
-0.068469,0.35383,0.57141,-0.023066,-0.3835,-0.16857,1.2081,-1.0243,0.2905,-0.084231
0.053001,-0.56561,0.57714,-0.023297,-0.38735,1.01,0.4946,0.34366,-0.07896,-0.86728
0.052645,-0.56683,-0.40454,0.01633,0.2715,0.14078,-0.09245,0.48272,-0.12279,0.29379
-0.068757,0.35383,0.5789,-0.023368,-0.38852,0.53265,-0.37,-0.82643,-0.51151,0.24968
0.052338,0.35324,-0.40192,0.016224,0.26975,0.39308,1.091,-0.65665,0.52235,0.33713
-0.070106,0.35127,0.57927,-0.023383,-0.38877,0.44727,0.034147,1.8245,1.2466,0.27832
0.051133,0.35045,-0.40079,0.016178,0.26899,-0.58487,-1.4698,1.9039,-0.48659,-1.2078
-0.070337,0.34591,-0.40021,0.016155,0.2686,2.0333,-0.82333,-0.65072,1.1403,1.9621
0.050976,0.33955,0.57953,-0.023394,-0.38895,0.38752,1.1903,-0.028953,1.5207,-1.3957
-0.070574,0.33718,0.58006,-0.023415,-0.3893,0.92634,0.41154,-1.5042,-0.47324,-1.703
-0.071068,-0.5687,0.58848,-0.023755,-0.39496,-0.54912,0.20454,2.2537,-1.1794,0.4833
-0.071761,0.33681,0.5892,-0.023784,-0.39544,-1.0609,0.57972,0.32214,-0.16707,-0.73923
-0.071868,0.33067,0.59072,-0.023845,-0.39646,-2.0713,-0.052189,-0.75849,1.4633,-2.5298
0.050756,-0.5708,0.59272,-0.023926,-0.3978,1.8346,-0.1719,1.9467,-2.4768,0.84076
0.050652,-0.57148,0.59467,-0.024005,-0.39911,-0.14915,-0.3981,-0.73112,0.096372,0.31333
0.049933,-0.57163,0.60131,-0.024273,-0.40357,2.2561,-0.56235,-0.11147,0.292,-0.60149
-0.072818,-0.57165,0.60234,-0.024314,-0.40426,-1.2605,-0.86732,-0.55085,0.94312,0.042949
0.049816,0.32887,-0.39986,0.016141,0.26837,0.56325,-0.37328,-0.81689,-0.97426,-1.7001
0.049426,0.32577,-0.39982,0.016139,0.26834,1.2276,0.41241,2.9878,0.4352,-0.17644
-0.073853,0.32439,0.60386,-0.024376,-0.40528,-1.7728,-0.37021,-0.58476,0.61112,1.0882
0.04942,-0.57401,0.60767,-0.02453,-0.40784,0.20981,-1.2891,1.2937,-0.52087,-0.72188
-0.074063,-0.57636,-0.39898,0.016105,0.26778,-0.51773,0.47793,-1.1732,0.80428,1.1196
0.049418,-0.5789,0.61279,-0.024736,-0.41127,0.42839,-0.86556,0.41094,1.4869,0.59364
0.049337,-0.5813,-0.39565,0.015971,0.26554,-0.021166,1.6281,-0.60155,-0.45277,-2.2719
0.049111,-0.58499,-0.39254,0.015845,0.26345,-0.54356,0.51447,-0.16939,1.3874,-1.2517
0.048982,-0.58539,0.61357,-0.024767,-0.41179,-1.1731,1.2362,-1.7092,1.8925,-0.87045
-0.074276,-0.59016,0.61721,-0.024915,-0.41424,0.82394,0.19764,0.028612,-1.9875,1.4316
0.048927,0.32378,-0.39051,0.015764,0.26209,1.5157,-0.12235,1.3764,-0.1809,-2.2602
0.048743,0.32361,0.61858,-0.02497,-0.41516,-1.3788,-0.36348,-1.2336,-1.0971,1.1723
-0.074424,0.32263,0.61905,-0.024989,-0.41547,-0.40971,1.4092,-0.13837,-0.09491,-1.7654
-0.075413,-0.59037,-0.39016,0.015749,0.26186,-1.6968,-0.47869,-2.0366,-1.3499,-2.0887
-0.075468,0.31444,0.62555,-0.025251,-0.41983,-1.3148,0.70938,0.12495,-1.5228,0.58377
0.048493,0.31335,-0.38985,0.015737,0.26165,1.1514,-0.22955,-0.46043,-0.81074,0.11265
-0.075482,-0.59088,-0.38782,0.015655,0.26029,-0.42792,1.5331,1.3504,1.9789,-1.7463
0.047939,0.31029,-0.38776,0.015653,0.26025,1.5056,-0.39032,0.39541,-0.1726,0.32315
0.047926,-0.59107,-0.38043,0.015357,0.25533,0.17875,0.038258,0.16984,-0.19474,-0.66068
-0.075619,-0.59225,-0.38027,0.01535,0.25522,-0.53304,0.19498,-0.79611,0.65919,-0.087872
0.047743,0.30709,0.62585,-0.025263,-0.42004,-0.85184,0.9348,0.25118,-0.21606,0.57701
-0.076175,-0.5976,-0.37895,0.015297,0.25433,1.3383,-0.047116,-0.50246,-0.3809,-1.0233
0.047236,0.30331,-0.37696,0.015216,0.25299,0.35566,-1.1853,-0.014102,-1.0934,-0.19268
0.046405,0.3033,0.62659,-0.025293,-0.42053,-0.65637,0.36639,1.4699,0.43031,0.46946
-0.076508,-0.59852,0.62966,-0.025417,-0.42259,0.84875,-0.3,0.16491,-0.67132,0.76442
0.046138,-0.59936,0.62989,-0.025426,-0.42275,0.60582,-1.48,-0.1355,-0.018059,-1.1604
0.045909,-0.6025,-0.37694,0.015216,0.25298,0.55362,0.55079,-0.78585,-0.96488,2.3051
0.045105,0.30299,0.63074,-0.025461,-0.42332,-1.3871,-0.59148,0.023662,0.38367,-0.61078
-0.076648,-0.6072,0.63115,-0.025477,-0.42359,0.31403,-0.9974,-0.76147,1.7828,-0.95606
-0.077319,-0.6108,-0.37592,0.015174,0.25229,-1.8476,0.47184,1.0153,-0.58825,0.95711
0.04471,0.30223,-0.37583,0.015171,0.25224,0.51551,-0.99726,0.16881,-0.016639,-0.14132
0.044646,0.30192,0.63206,-0.025514,-0.4242,-0.88132,-1.2838,-0.032879,0.18672,0.63652
0.044444,0.29739,0.6343,-0.025604,-0.42571,1.1585,-0.37255,0.45244,-0.27464,0.10859
-0.07734,-0.61161,0.63514,-0.025638,-0.42627,0.32373,-0.54545,-1.0863,-1.2829,-0.23794
0.044267,-0.61577,-0.37518,0.015145,0.2518,0.23355,-0.58697,1.1716,1.3065,0.066704
0.044151,-0.61905,0.63567,-0.02566,-0.42663,-0.30531,-0.38706,0.38749,-1.0965,0.88744
-0.07764,-0.6195,0.63742,-0.02573,-0.4278,-0.73568,-0.37339,-0.89809,-0.26216,-0.87677
-0.077844,0.29649,0.63776,-0.025744,-0.42803,-0.56701,0.36859,1.1016,-0.95255,-0.090791
-0.078447,-0.61982,0.63822,-0.025763,-0.42834,0.079488,1.2932,-1.9833,0.61998,-0.21837
-0.078727,-0.62274,0.6474,-0.026133,-0.4345,1.1225,-2.2544,-0.10036,2.1761,-1.7371
0.043719,0.29631,-0.37458,0.01512,0.25139,0.59368,-1.0092,-0.27033,-0.044193,-0.28809
-0.079132,0.29318,0.65779,-0.026553,-0.44147,0.30214,-1.5944,1.7301,-1.3306,0.50171
0.043528,0.28666,-0.37407,0.0151,0.25106,-1.2279,0.80065,1.3718,0.29975,-0.087878
0.04323,-0.62451,0.66127,-0.026693,-0.44381,0.23627,-0.54206,-0.68105,0.83703,-0.30561
0.042935,-0.63091,0.66362,-0.026788,-0.44539,-1.2229,-0.75509,0.5291,0.35625,-0.62757
0.042858,-0.63117,0.66528,-0.026855,-0.4465,-0.21666,-0.26633,1.7414,0.98818,0.74467
-0.079789,-0.63308,-0.3702,0.014943,0.24846,0.49576,-0.22303,-0.51472,1.0348,-1.509
-0.080508,0.28388,-0.3645,0.014714,0.24463,0.098179,0.90519,-0.0021932,0.82989,-0.606
-0.080608,-0.63701,0.66698,-0.026923,-0.44764,0.40293,-0.20793,0.6039,0.4,1.8023
-0.080981,-0.63748,-0.36372,0.014682,0.24411,-0.65667,-0.42987,0.17995,0.35276,-1.0086
-0.081317,-0.64181,-0.36359,0.014677,0.24402,2.1074,-0.31844,-0.09706,-0.94661,-0.66471
0.042169,0.27965,-0.36311,0.014657,0.2437,-0.78763,-0.14544,0.4473,0.43272,-0.88343
-0.081823,0.27846,-0.36183,0.014606,0.24284,0.37894,-0.28085,-1.5446,0.9591,-0.91367
0.041175,-0.64341,0.66828,-0.026976,-0.44851,-0.43898,1.3197,0.13507,-0.19496,0.57808
-0.081977,0.27644,-0.35927,0.014503,0.24112,0.35734,-1.1951,-1.4767,-0.21602,-0.7278
-0.08219,0.2758,0.66913,-0.02701,-0.44909,-0.069331,-1.0894,-1.2584,0.30377,0.38785
-0.08259,0.27379,0.66989,-0.027041,-0.44959,-0.24795,-0.64488,1.1986,-0.32133,-0.59027
0.040866,-0.64852,-0.35211,0.014213,0.23631,-1.5912,-0.61983,-0.28909,1.491,-2.3806
0.040498,-0.6571,0.67375,-0.027197,-0.45219,-0.15172,0.82385,0.17766,-0.28534,-0.44237
0.04007,0.27332,-0.35086,0.014163,0.23548,1.4849,0.34515,0.68086,0.66371,1.7624
-0.082877,-0.65828,-0.3494,0.014104,0.2345,-1.1251,-0.64464,0.67857,0.084055,0.86048
-0.082914,0.27,-0.34774,0.014037,0.23338,-0.66139,-1.3025,1.5801,0.10835,0.42961
-0.083187,0.26504,0.67852,-0.027389,-0.45538,-0.62285,-0.96504,-0.67058,0.24233,0.89669
-0.083191,-0.65978,0.6805,-0.027469,-0.45671,-0.42309,-1.1002,-0.050713,1.9965,-0.78702
0.040006,0.26231,0.68189,-0.027525,-0.45765,0.93147,-0.12118,-0.2721,-1.1971,-0.15539
0.039377,0.26226,0.6827,-0.027558,-0.45819,0.11347,0.53915,0.48936,0.050819,0.31905
0.03924,-0.66065,-0.34733,0.01402,0.23311,-0.14408,-0.28134,0.59617,-0.71058,-0.45468
-0.083447,-0.66267,0.68536,-0.027665,-0.45998,1.3316,0.044133,-0.53132,0.0057921,0.3126
-0.083523,-0.66317,-0.34556,0.013949,0.23192,-0.62964,2.8276,-0.0094065,1.0862,-1.3413
-0.083533,0.26056,-0.34429,0.013898,0.23107,1.0688,-0.054529,1.7942,0.73408,2.0936
0.039074,-0.66466,-0.34201,0.013806,0.22954,0.12228,0.22351,0.043418,0.23675,-1.3402
0.038702,0.25876,0.6938,-0.028006,-0.46564,-0.20586,-1.5203,1.2319,-0.92244,-0.79255
0.038508,0.25863,-0.34106,0.013767,0.2289,-1.0883,0.56629,-0.17156,-0.045114,-0.48161
0.037553,-0.66501,0.69499,-0.028054,-0.46644,0.25042,-1.3151,-1.2516,-0.50273,-2.5951
-0.084053,0.25664,-0.33786,0.013638,0.22676,-1.5484,-0.53522,0.74558,0.75861,1.1531
0.037127,-0.66539,0.70005,-0.028259,-0.46984,-1.2085,0.96281,-0.08827,-0.22468,0.92915
0.036543,0.25568,0.70203,-0.028339,-0.47117,0.46247,-0.46631,1.3266,-1.5988,-0.10189
-0.084129,0.25434,0.70562,-0.028483,-0.47357,0.57201,-1.2718,-1.0277,-1.4834,0.19062
0.036376,-0.66564,0.70595,-0.028497,-0.4738,-0.12286,0.20459,0.86945,-0.95837,2.073
-0.084235,-0.66625,-0.33742,0.01362,0.22646,-0.57598,2.0507,-1.022,0.017116,1.2234
-0.085,-0.66959,0.70895,-0.028617,-0.47581,0.75456,-1.4848,0.76828,0.26777,1.6184
-0.085918,-0.67172,-0.33737,0.013618,0.22642,0.75414,-0.81368,0.58113,0.79488,1.26
-0.0864,0.25403,0.71201,-0.028741,-0.47786,0.22533,-0.30654,0.74912,0.62267,0.31332
0.036314,-0.6852,0.7161,-0.028906,-0.4806,0.76665,-0.87971,0.20054,-0.45245,-0.46672
-0.086784,0.2533,0.71887,-0.029018,-0.48247,-1.5217,-0.76314,-0.44811,-0.26209,-2.0898
0.036231,0.24769,-0.33676,0.013594,0.22602,0.65267,-1.2528,2.2708,0.49878,1.6112
-0.086884,-0.68678,-0.33463,0.013508,0.22459,1.0487,1.4198,2.3952,-1.5606,-0.62142
0.036073,0.24122,-0.33373,0.013471,0.22398,-0.16933,-1.2608,-0.16847,0.96327,0.71172
0.036019,0.24066,-0.33369,0.01347,0.22395,0.42492,-0.2442,-0.49149,-1.4475,-0.73292
0.035832,-0.69127,-0.33085,0.013355,0.22205,-0.11355,-0.44109,-1.0725,-0.32247,1.4292
-0.087042,0.23415,-0.33023,0.01333,0.22163,-0.41755,-1.1287,0.51936,-0.85596,0.53021
0.035727,0.2334,0.72091,-0.029101,-0.48384,-2.0277,-1.0676,1.7797,0.0024516,-0.94153
0.035631,0.23127,0.72112,-0.029109,-0.48398,-0.62582,1.0925,0.98484,1.4003,-1.428
0.035537,-0.69254,-0.33015,0.013327,0.22158,-0.72867,1.3004,0.57017,-0.063201,1.1482
0.035469,-0.69626,-0.32944,0.013298,0.2211,0.46539,-1.0027,-0.89217,-0.01709,1.3158
0.03513,-0.7025,-0.32867,0.013267,0.22058,0.93241,-0.4078,1.4753,0.0261,0.97489
-0.087441,0.2306,-0.32664,0.013185,0.21922,-0.46393,-0.86959,0.014327,-0.55302,0.23408
0.035121,-0.7035,0.72246,-0.029163,-0.48488,0.069333,0.14658,1.6941,-0.31456,0.32049
-0.088016,0.22952,0.72344,-0.029202,-0.48553,1.5917,-1.6096,-0.8339,-0.70066,1.1419
-0.088068,0.22631,-0.32538,0.013135,0.21838,0.69422,0.30414,1.427,-0.79174,-1.2597
0.035058,-0.70649,-0.32128,0.012969,0.21562,0.062745,1.4695,-0.81808,0.32055,0.11545
0.03473,0.22476,0.7246,-0.029249,-0.48631,0.66551,0.5717,-1.6112,0.31105,-0.89968
-0.088499,-0.7082,-0.31982,0.01291,0.21464,0.32412,-1.2502,-1.4512,-0.77161,-0.86647
-0.088786,0.2222,0.73145,-0.029526,-0.49091,1.2111,-0.12069,0.1818,-0.88247,0.90052
-0.088999,-0.70846,0.73167,-0.029535,-0.49106,1.3453,0.4436,1.881,-0.12099,0.13204
-0.090485,0.22122,0.73311,-0.029593,-0.49202,-0.12715,-1.1169,-1.6663,-1.7405,-0.67315
-0.091819,0.21936,-0.31354,0.012657,0.21043,-0.51589,-0.25378,0.032744,-1.4669,-0.13322
0.034236,0.21869,0.73332,-0.029601,-0.49216,-0.88381,0.44299,-0.63068,1.1877,0.62428
-0.0919,-0.70976,-0.31305,0.012637,0.2101,0.23412,-0.029132,0.64101,1.4037,-1.2254
0.034009,-0.71015,0.73529,-0.029681,-0.49349,-0.25538,1.8712,1.3298,-0.60892,0.56695
0.033961,0.21643,-0.31278,0.012626,0.20992,1.2406,-1.0994,-1.1877,0.31606,1.1462
-0.092358,-0.7108,0.73681,-0.029742,-0.49451,-1.9379,0.95348,-0.40762,1.0579,-0.96961
-0.092486,-0.71205,-0.31111,0.012558,0.2088,-1.5449,-1.1599,-0.61543,-0.93094,-0.75272
-0.092599,-0.71646,-0.30305,0.012233,0.20339,0.47335,1.1802,-1.1986,-2.0228,0.12456
0.033665,0.21149,-0.30207,0.012193,0.20273,1.1411,0.17233,-0.011592,0.95864,-0.78389
0.033647,0.21035,-0.29699,0.011988,0.19932,-1.0738,-0.48774,0.45548,0.13827,1.9707
0.032963,0.20636,-0.29685,0.011983,0.19923,-0.24967,-1.1848,0.39133,1.5047,-0.97077
0.032796,-0.71736,-0.29339,0.011843,0.19691,0.73376,0.03685,0.70687,-0.2684,-0.66475
-0.093211,0.20347,0.73907,-0.029833,-0.49602,0.023899,-1.4084,3.1075,-1.9129,0.26596
-0.093272,-0.71949,-0.28939,0.011682,0.19422,-0.84187,0.38439,-1.373,0.054412,0.72276
-0.094001,-0.72024,0.73944,-0.029849,-0.49627,0.65908,0.34894,1.7562,0.025983,0.094192
-0.09446,0.19428,0.74112,-0.029916,-0.4974,0.27184,1.8479,0.12128,0.66596,1.2334
0.03276,0.19363,0.74606,-0.030116,-0.50072,2.3244,-0.12392,1.1005,-0.16217,-0.16292
0.032493,0.19099,0.74896,-0.030233,-0.50266,0.064572,-0.73851,0.79561,1.2354,2.5055
0.032413,0.18835,-0.28912,0.011671,0.19404,2.1916,0.40398,0.0081673,-1.9641,-1.446
-0.094537,0.18191,0.74902,-0.030235,-0.5027,-1.3847,0.43332,0.41289,0.58082,0.34155
-0.095592,-0.72432,0.74947,-0.030253,-0.503,-1.9496,-3.7399,-0.7841,0.069803,0.60562
-0.095648,0.17697,0.75184,-0.030349,-0.50459,1.6182,0.16758,-0.25575,1.0955,0.23914
-0.095892,0.17315,0.75228,-0.030367,-0.50489,0.75133,2.2145,0.44138,-0.29337,0.1017
0.032131,-0.72604,-0.2889,0.011662,0.19389,-0.47384,0.040095,-1.4729,-0.35518,1.055
0.031956,0.17315,0.75941,-0.030655,-0.50968,0.016551,0.37854,0.67359,0.50732,-0.89884
-0.096055,-0.73406,-0.28888,0.011661,0.19388,0.71941,-0.33169,-0.30171,-2.9664,-1.5351
-0.097185,0.17313,-0.28713,0.01159,0.1927,-0.18098,0.66975,-2.1517,-0.2796,0.72569
0.031887,-0.73678,-0.28555,0.011527,0.19165,-0.95428,-0.035598,0.68081,2.4496,-0.62719
-0.097889,0.17248,0.77033,-0.031095,-0.517,2.0488,1.0284,-0.17026,0.59888,-1.2549
0.031763,-0.73954,-0.28457,0.011487,0.19099,0.31104,1.5405,-1.2236,-0.74379,-1.0833
-0.098876,-0.74475,0.78074,-0.031516,-0.52399,1.1652,-0.84242,-0.79277,0.60578,-0.12046
0.031737,0.1667,0.78725,-0.031779,-0.52836,-0.33318,-0.76792,-0.52501,1.0166,-0.22384
0.031282,-0.74595,-0.28437,0.011479,0.19085,-0.60021,0.2062,0.030958,0.15605,-1.578
-0.099023,0.16626,-0.28322,0.011432,0.19008,0.30574,-0.17554,0.19063,-0.06143,0.32256
-0.099152,0.16476,0.79274,-0.032,-0.53204,-0.58993,-0.78866,-1.5855,0.35001,0.24964
-0.099354,-0.74628,0.79375,-0.032041,-0.53272,0.40213,0.57524,1.2391,-1.2442,-0.13312
-0.10025,-0.75182,0.80102,-0.032334,-0.5376,-0.98253,0.44482,0.14889,0.23793,-0.43566
-0.10118,-0.75716,-0.2818,0.011375,0.18913,1.6578,-1.0121,0.33444,0.12133,-0.13427
-0.10128,0.16047,-0.28063,0.011328,0.18834,-1.176,0.88046,-0.4933,0.65411,-0.10617
0.030964,-0.7605,-0.27691,0.011178,0.18585,-0.20147,1.3786,1.2481,-1.1872,0.85052
-0.10136,-0.76604,-0.27595,0.011139,0.1852,-1.3943,-0.21799,0.22769,0.44413,0.82665
-0.10138,0.15976,-0.27225,0.01099,0.18272,0.34978,1.1883,-1.3111,0.6069,-0.024275
-0.10185,-0.76924,0.8148,-0.03289,-0.54685,-0.79561,1.4382,0.74701,0.12084,1.0001
0.030735,0.15897,0.81499,-0.032898,-0.54698,1.2643,-0.27313,-0.79511,1.79,-1.7481
-0.10213,-0.76955,-0.26204,0.010578,0.17587,0.098454,0.67232,-0.99893,1.1332,1.0751
-0.10249,-0.7705,0.82092,-0.033138,-0.55096,-1.7544,-1.4148,0.82566,-1.092,0.28647
0.030264,0.15596,0.82216,-0.033188,-0.55179,-1.1185,-0.68899,1.2099,2.0119,2.0426
0.030142,0.1558,0.82346,-0.03324,-0.55266,-1.5153,1.708,-0.24016,0.52347,0.23823
-0.10251,0.15523,-0.26124,0.010545,0.17533,-0.12899,0.11994,0.32175,-0.98942,0.035403
0.03007,0.1542,0.82678,-0.033374,-0.55489,-0.8904,-0.52634,0.11371,1.1868,0.82592
0.029879,-0.77228,-0.26041,0.010512,0.17477,-0.97529,0.65481,0.22308,0.74453,0.60397
0.029445,0.15392,0.82792,-0.03342,-0.55565,0.93989,0.15712,-0.48867,1.1068,1.8343
0.029201,0.15236,-0.2598,0.010487,0.17436,1.764,-1.3173,-0.020306,-0.52129,1.6367
-0.10296,0.14873,0.83564,-0.033732,-0.56084,1.6229,-0.45402,0.92196,1.0696,0.53257
-0.10304,0.14798,-0.25869,0.010442,0.17362,0.66682,-1.4872,-0.12862,0.3761,-0.22793
0.029034,-0.77676,-0.2584,0.010431,0.17342,-0.39371,-1.0448,0.25795,0.76588,0.36599
-0.10312,0.14512,0.84212,-0.033993,-0.56519,-0.76446,-0.43814,-0.15318,-1.3579,0.5854
-0.10348,0.14357,-0.25617,0.010341,0.17193,-0.31605,-0.17505,-0.45278,0.94203,-0.50977
-0.10382,0.14294,-0.2555,0.010314,0.17148,-0.66935,1.4369,-0.93814,0.30756,-0.22337
-0.10404,0.13942,-0.25285,0.010207,0.1697,-0.14693,0.6782,-0.47977,-1.5591,0.55287
-0.10435,0.13747,-0.2498,0.010084,0.16765,-0.40595,-1.1809,-0.16307,-0.25526,-0.14692
0.028284,-0.77913,-0.24685,0.0099642,0.16567,1.8512,1.0214,-0.32178,-1.0181,0.79384
0.028143,0.13226,0.85096,-0.03435,-0.57111,-0.7866,-1.4938,1.7163,0.099741,0.48577
-0.10468,-0.7793,-0.24638,0.0099454,0.16536,-0.22093,0.69227,-0.53375,0.41083,0.73461
-0.10479,0.13157,-0.2426,0.0097928,0.16282,0.063384,-0.15658,-1.5669,-1.224,0.46684
0.027994,-0.78017,0.85695,-0.034592,-0.57514,-1.2026,-0.86745,-0.68209,0.16222,-2.1582
-0.10492,0.13115,-0.24259,0.0097925,0.16281,0.37161,2.4503,0.43233,0.86821,1.0691
0.027731,0.13021,-0.23388,0.009441,0.15697,-0.86816,0.52586,-0.13249,1.5152,-0.28239
0.027663,0.12869,-0.23247,0.0093841,0.15602,0.55907,-0.10935,1.6967,-0.61688,-0.69301
0.027455,0.12774,0.85723,-0.034603,-0.57532,0.95192,-0.40779,1.2114,-1.9667,-2.084
-0.10557,-0.78451,0.86107,-0.034758,-0.5779,0.88899,-1.5379,-0.064828,-1.237,0.24092
0.027417,-0.78749,-0.23122,0.0093335,0.15518,0.16725,-0.52538,-0.092406,1.5562,1.4612
-0.10587,0.12699,-0.22617,0.0091297,0.15179,-1.2253,0.67197,-0.36931,-0.80423,1.1906
-0.10606,0.12487,0.86227,-0.034807,-0.57871,1.3352,-0.66859,-1.4233,-0.44582,-0.8373
-0.10704,0.12459,-0.22494,0.0090798,0.15096,-0.17103,-0.26602,1.2347,0.094384,-0.88589
-0.10755,0.1244,0.86943,-0.035096,-0.58352,0.19875,-0.58497,-0.88826,-0.78735,-0.57981
-0.10792,-0.78887,0.87386,-0.035275,-0.58649,-1.5101,0.091988,0.79009,-1.4298,0.79775
0.027372,-0.79303,-0.22107,0.0089238,0.14837,1.6239,-0.54133,0.40202,-0.3104,0.023072
-0.10823,-0.79363,0.88046,-0.035541,-0.59092,-0.92363,0.55444,-0.091696,0.84415,-0.04139
0.027281,-0.79905,-0.22002,0.0088814,0.14766,-0.66263,-0.55217,1.3466,0.81749,0.47417
-0.10849,-0.79935,0.88412,-0.035689,-0.59337,-0.65315,-2.7193,1.0416,-0.34575,-0.22396
-0.10858,0.12394,-0.2198,0.0088727,0.14752,1.8628,0.44009,0.9876,0.55066,-0.73769
-0.10992,0.12232,0.90557,-0.036555,-0.60777,-0.42354,-0.42535,-1.025,1.3063,-0.41437
-0.11006,0.1216,0.90645,-0.03659,-0.60836,0.43841,-2.1904,-0.66548,0.15419,-0.57276
-0.1104,-0.81241,0.90748,-0.036631,-0.60905,1.3322,0.7936,-0.73282,1.023,-0.98125
-0.11056,0.12131,-0.21972,0.0088691,0.14746,1.8802,-0.15048,-0.59753,-1.7304,0.89945
0.027271,0.11888,-0.21924,0.0088499,0.14714,0.052589,-0.7354,-0.71839,1.1956,0.21195
0.026499,0.11342,0.90971,-0.036722,-0.61055,0.72112,-1.3671,0.37884,-1.6446,-0.079474
-0.11058,0.1112,0.91499,-0.036935,-0.61409,-2.1287,-0.66151,-0.028645,1.4869,1.0163
0.026328,0.11066,0.91641,-0.036992,-0.61504,-0.30588,1.0538,0.14509,0.6576,1.326
0.026188,0.10877,0.9171,-0.03702,-0.61551,-0.76391,1.9315,-0.12943,-0.10366,0.93656
-0.11095,0.10827,0.93159,-0.037605,-0.62523,0.28656,1.1969,-1.0651,0.66965,-0.6661
0.025828,0.10593,0.93196,-0.03762,-0.62548,-1.2479,-0.70406,-2.0381,-0.59987,0.76353
0.02571,0.10587,-0.21699,0.0087589,0.14563,0.69401,-0.93509,1.2874,-0.52754,0.14839
-0.11211,-0.81343,-0.2169,0.0087555,0.14557,-1.0925,-0.8197,-0.64378,-0.71037,0.6511
-0.11281,-0.81456,-0.21447,0.0086574,0.14394,0.10272,-0.064131,0.28366,0.12182,-0.64771
0.025663,0.1018,0.93498,-0.037742,-0.62751,0.60344,-1.3199,-0.41563,1.32,-1.0435
-0.11341,-0.81621,-0.21384,0.0086321,0.14352,0.51247,-1.1444,-0.40396,-0.18734,1.1174
-0.11415,-0.81705,-0.21161,0.008542,0.14202,-0.060594,1.1955,-0.12912,-1.315,-1.4169
0.025614,0.099863,0.93729,-0.037835,-0.62906,-1.1376,-0.73923,0.30146,0.38701,0.1211
-0.11446,-0.81757,0.94116,-0.037991,-0.63165,-0.41229,-1.8308,1.4782,-1.1603,-0.0669
-0.11521,0.099214,0.94126,-0.037995,-0.63172,0.039967,-2.5838,-0.22962,-1.4559,0.37005
-0.11566,0.098743,-0.20919,0.0084443,0.1404,-1.9889,1.2663,-0.39797,0.30325,-0.21619
0.025505,0.096976,-0.20875,0.0084265,0.1401,0.02903,-0.90325,0.023739,0.6201,-1.7302
-0.11577,-0.81848,-0.20645,0.0083335,0.13856,-0.70442,0.69472,0.36599,0.2199,-0.28532
0.025456,0.096233,0.94622,-0.038196,-0.63505,-1.4416,0.086983,-0.42372,0.044661,0.14168
0.025374,-0.82224,0.95703,-0.038632,-0.6423,1.0264,-0.31939,0.72802,-0.21114,-0.54532
0.025338,0.095427,0.96615,-0.039,-0.64843,0.1624,-0.21682,0.39145,0.40688,-1.7719
0.025332,-0.82374,0.97718,-0.039445,-0.65583,-1.1394,0.10717,0.18513,-1.0136,1.1544
0.025139,0.093478,-0.20532,0.008288,0.1378,-0.63561,1.3427,-0.63923,0.080144,-0.87162
0.02483,-0.82515,0.97904,-0.03952,-0.65707,1.6764,1.3012,-0.17951,-0.67705,-2.0024
0.024762,-0.82694,-0.2053,0.0082871,0.13779,0.11443,-0.2252,-1.7365,0.053059,0.27187
0.023229,0.089261,0.98401,-0.039721,-0.66041,1.2125,0.14184,-1.3803,0.51517,0.34922
0.023198,-0.83443,0.99116,-0.04001,-0.66521,-0.81782,1.5605,1.2749,-0.39305,1.0991
0.023012,-0.83453,-0.20451,0.0082552,0.13725,1.2807,-1.045,0.44049,-0.28028,0.86482
0.021636,-0.83851,-0.20023,0.0080824,0.13438,-1.2384,-0.89143,0.4864,-0.56477,0.5423
0.021332,0.081389,-0.20011,0.0080776,0.1343,-0.66793,0.18509,0.99282,-0.58429,-1.8005
0.021211,-0.83999,-0.19566,0.0078983,0.13132,0.96179,-0.56664,1.6904,-0.61436,0.14262
-0.11579,0.078909,0.99956,-0.040349,-0.67085,1.1711,0.14011,0.7577,1.4019,-0.86086
-0.11606,-0.84284,1.0101,-0.040774,-0.67792,-0.059691,0.2781,0.80677,1.6737,0.88532
-0.11661,-0.84329,1.013,-0.040893,-0.6799,-1.169,0.34436,0.48519,-1.4755,-0.32919
0.021103,-0.84334,1.0144,-0.040947,-0.6808,-0.22796,1.5647,-1.4051,0.048444,-0.04778
0.020647,0.078756,-0.19303,0.0077919,0.12955,0.22174,-1.2207,-0.43018,2.661,0.060154
0.020619,-0.85072,1.0199,-0.04117,-0.68451,0.0060093,1.9816,2.013,-0.43475,0.2564
0.020509,0.076382,-0.19145,0.007728,0.12849,-0.42395,1.2649,0.49848,0.27394,-0.14472
-0.11688,-0.85417,-0.1842,0.0074355,0.12363,-0.14741,-1.1471,0.0062647,0.53202,2.2012
0.020429,0.072646,1.0346,-0.041762,-0.69435,-0.18155,0.39506,-0.70048,-0.35466,-0.43347
0.020044,0.071495,1.0372,-0.041866,-0.69608,-1.4321,1.1367,-0.97903,-0.37458,-1.4445
-0.11787,-0.85961,1.0379,-0.041898,-0.69661,0.81341,-0.077578,-1.1423,0.55903,1.6382
0.019772,0.071219,-0.18394,0.0074251,0.12345,-1.1273,-0.57909,-1.2884,0.72654,0.97532
0.019658,0.070961,-0.18124,0.0073161,0.12164,0.39631,0.58298,-0.17215,-0.43557,-0.085476
0.019625,0.070427,-0.17962,0.0072507,0.12055,-0.4488,1.1428,0.15453,0.67242,-0.15891
0.019321,-0.86605,-0.17791,0.0071817,0.11941,0.36798,-0.54008,0.60584,-0.81661,-1.2315
-0.11854,-0.88242,1.0559,-0.042622,-0.70865,1.0261,-0.85801,-0.013095,0.24367,3.1261
-0.11912,-0.88629,-0.17537,0.0070792,0.1177,-0.13461,0.61859,0.86371,0.3565,-1.075
0.019045,-0.88834,1.0666,-0.043054,-0.71583,0.13875,-0.4127,0.14612,-0.76068,0.41737
-0.11953,-0.89413,1.0723,-0.043283,-0.71964,1.3548,0.55121,-0.42482,-0.85786,1.276
0.018355,-0.89431,1.0737,-0.043343,-0.72063,0.34912,-0.57003,-0.6846,-0.84148,0.65247
-0.12082,0.070018,1.0757,-0.04342,-0.72192,0.66308,1.263,1.8444,-0.56417,0.07304
0.018277,0.069603,1.0931,-0.044126,-0.73366,-2.277,-0.7822,0.051463,-0.45174,-1.0569
-0.1222,0.06825,-0.17479,0.0070556,0.11731,0.11799,1.1042,-1.2154,-0.35991,0.13899
0.018217,-0.90802,-0.17422,0.0070325,0.11693,-1.011,1.4614,-1.5758,0.08503,-0.9856
0.017894,0.066002,1.0981,-0.044327,-0.73699,-0.49159,-0.54878,0.94943,0.8829,-0.85807
0.017517,-0.90918,-0.17173,0.0069323,0.11526,-0.62105,1.077,0.029705,-0.92837,1.1369
0.01723,0.064702,-0.16916,0.0068283,0.11353,-1.2383,-0.90599,-0.22962,0.59868,-0.97178
0.017035,-0.91696,-0.16721,0.0067498,0.11222,0.2164,0.17413,0.22749,0.20397,-0.64541
0.016936,0.061713,-0.16619,0.0067085,0.11154,-0.71682,0.95991,0.12508,-1.3556,0.65033
0.016873,-0.91729,-0.16494,0.006658,0.1107,0.032469,-0.4997,2.0335,1.7264,-1.7592
-0.1237,0.060947,1.1008,-0.044434,-0.73878,-1.6416,0.29324,-0.3027,-0.018291,0.30925
0.016654,-0.918,-0.1613,0.0065113,0.10826,0.24937,0.50338,-0.038832,-0.89714,1.0392
0.016309,0.060378,-0.15959,0.0064422,0.10711,0.23866,-0.65429,1.7853,0.45309,0.16029
0.015711,0.059967,1.1053,-0.044619,-0.74185,1.2551,1.0347,0.72892,0.22364,0.79253
0.015683,-0.91892,1.1104,-0.044823,-0.74524,-1.1958,-0.078456,0.32176,0.70256,-0.34129
0.015633,0.058331,1.1123,-0.044897,-0.74648,1.3952,0.11555,1.3996,-2.8566,-0.88144
0.015209,-0.91941,-0.15689,0.0063329,0.10529,0.91429,1.2535,0.76236,-1.7677,0.33698
-0.12509,0.057798,-0.15667,0.0063242,0.10515,-0.33603,0.62741,0.0079137,1.0144,1.0414
0.014874,0.055789,1.1157,-0.045035,-0.74876,1.0918,-0.22816,0.32483,0.1151,-0.86217
0.014866,0.055111,1.1226,-0.045313,-0.7534,0.11507,-1.7359,0.2236,-1.2225,-0.093096
-0.12521,0.0545,-0.15374,0.006206,0.10318,-1.616,1.0601,-0.13816,-1.1478,0.65759
-0.12649,-0.926,1.1266,-0.045476,-0.7561,-1.6158,0.1161,-0.50292,0.86692,0.10226
0.014747,-0.9334,-0.15242,0.0061526,0.10229,-0.26056,0.56488,-0.95136,-0.57766,-0.88942
0.014704,-0.93769,1.1341,-0.045779,-0.76114,2.236,-2.0847,0.96546,-0.92886,-0.53302
-0.12814,-0.9389,1.1403,-0.046031,-0.76534,-0.37215,-1.3148,0.15061,0.41497,-0.43199
0.014641,-0.93975,1.1522,-0.046509,-0.77328,1.414,1.5326,-0.18572,-2.651,-0.36826
-0.12972,0.054181,1.1641,-0.04699,-0.78128,-1.0143,0.80921,0.065639,-0.16581,-0.34986
-0.12976,-0.94263,1.1669,-0.047102,-0.78314,0.92152,0.47189,-0.61471,0.97171,-0.85501
0.01448,-0.94346,-0.15075,0.0060851,0.10117,0.48761,0.68995,0.70477,-0.39487,-0.19413
-0.13046,-0.95686,-0.14967,0.0060414,0.10045,0.35017,-0.041895,-0.094781,0.78713,0.082351
0.014463,-0.96141,-0.14416,0.005819,0.096749,-1.4354,-0.65464,0.52133,0.82995,-0.39999
0.014437,0.053212,-0.13949,0.0056306,0.093616,-0.81753,-1.1192,0.18074,-0.34276,-0.21255
0.013522,-0.96981,1.1699,-0.047223,-0.78514,-0.30058,-0.18198,0.28899,1.3414,1.1174
-0.132,-0.97149,1.1732,-0.047359,-0.7874,-1.2191,-0.89845,-0.14661,0.87637,0.59548
0.013449,-0.97271,1.1883,-0.047967,-0.79751,0.5622,-0.17927,1.621,1.4984,-0.30375
-0.13202,-0.97976,1.1888,-0.047989,-0.79789,-0.37359,0.62432,-1.1705,-0.68097,1.0434
0.013309,-0.98141,-0.13777,0.0055614,0.092466,-0.19071,-0.069466,-0.30217,-0.16054,0.080188
-0.13276,0.052997,-0.13661,0.0055145,0.091687,0.6328,-0.66298,-1.6859,-1.2639,0.051764
0.013151,0.046889,-0.13332,0.0053814,0.089474,-1.0846,-2.5877,1.1287,0.46279,-0.87908
-0.13328,-0.98326,-0.13253,0.0053499,0.088949,1.9656,0.35148,0.7663,0.043517,0.14409
0.013023,-0.98338,-0.13119,0.0052956,0.088047,1.3371,-0.795,2.3194,0.65426,0.64025
-0.13463,-0.98367,-0.13009,0.0052513,0.08731,-0.22948,0.97668,-0.57191,-1.1639,-0.62348
0.01297,0.04479,1.1898,-0.048029,-0.79854,-1.525,1.1566,-0.051208,0.27425,1.1107
0.012933,-0.98508,1.1913,-0.048088,-0.79952,0.35573,0.57792,1.2654,0.42125,-1.0647
-0.13471,0.043878,-0.12915,0.0052134,0.086679,-0.25999,0.49009,0.6097,-0.54825,-0.18404
-0.13499,-0.9902,1.1926,-0.048142,-0.80042,0.097784,1.2256,1.3072,-0.83898,1.2528
-0.13521,-0.99298,1.1955,-0.04826,-0.80238,-1.9785,-1.4883,-0.93187,0.89877,0.11154
-0.13544,-1.0035,-0.1288,0.0051991,0.086443,-0.18452,-0.47562,-0.27992,-0.12723,-0.70582
-0.13629,-1.0105,-0.12733,0.0051399,0.085457,0.69864,-0.031181,-0.67007,0.98022,0.63089
-0.13756,0.041444,-0.12682,0.0051192,0.085114,1.2617,0.24629,-0.47078,-1.8424,-0.20004
-0.13813,-1.0142,-0.12675,0.0051164,0.085066,0.40072,-1.6648,-0.50149,-1.3174,1.125
0.012856,-1.025,1.2093,-0.048813,-0.81159,1.4457,-0.64347,0.65779,0.34043,-0.97533
-0.1389,0.041315,-0.12464,0.0050313,0.083652,0.93971,0.946,0.18739,0.11568,0.17292
-0.13962,0.039782,1.2223,-0.04934,-0.82035,-0.12625,-1.403,0.29566,-0.48395,-1.5391
-0.14002,0.03955,-0.12367,0.004992,0.082998,0.12951,1.1282,0.99328,0.025767,0.028145
-0.14091,0.03922,1.2241,-0.049411,-0.82153,1.9044,0.32295,0.32996,0.44403,1.1232
-0.14135,0.034272,-0.12348,0.0049845,0.082874,-1.3473,-0.50709,0.27723,-0.55654,0.0043612
0.012586,-1.0342,-0.11836,0.0047778,0.079437,-0.30412,-0.5339,-0.6857,-1.6016,-0.016517
-0.14171,-1.0612,1.2286,-0.049592,-0.82454,1.1996,-1.1826,-1.2971,0.1481,-2.0549
-0.14202,-1.0635,1.2414,-0.050109,-0.83313,-0.88938,-0.51693,-1.2843,0.46429,-0.84993
-0.14242,0.031196,-0.11543,0.0046597,0.077473,-1.1171,-0.23903,-1.1721,-0.68837,1.1143
0.011778,-1.0678,1.2451,-0.050261,-0.83566,-0.48774,-1.2317,-1.2818,-0.25328,0.30274
0.011754,-1.0684,1.2532,-0.050586,-0.84106,1.6151,-0.013318,-0.95635,1.2364,0.50661
-0.14294,0.031149,-0.11334,0.0045752,0.076069,0.72007,-0.5935,2.1396,-2.9791,-0.092387
0.01167,-1.0752,1.2567,-0.050729,-0.84344,-1.0486,-0.89655,-0.32312,0.6376,0.9656
0.011362,0.02822,-0.11147,0.0044997,0.074813,-0.15826,-0.2164,1.5066,1.1231,1.0212
0.011082,0.026509,1.2691,-0.051229,-0.85175,2.0431,0.14715,-0.4811,-0.38612,1.7756
0.010567,0.025757,-0.11062,0.0044652,0.07424,0.42764,-1.8985,-0.29782,1.2534,2.6024
-0.14326,-1.0787,1.2833,-0.051802,-0.86128,0.98641,2.5856,-2.5324,-0.53354,-1.1899
0.010442,-1.0902,-0.10896,0.0043983,0.073127,0.12447,1.4174,0.5541,0.82647,-0.76358
0.010132,-1.0946,1.2913,-0.052126,-0.86667,-0.50027,0.86392,-0.53998,-1.7033,0.40047
0.010011,-1.0948,1.3101,-0.052882,-0.87924,0.78003,-0.17051,0.67919,-0.0033209,-1.24
-0.14421,-1.0985,1.315,-0.053081,-0.88255,0.44912,-0.88625,-0.77066,0.084601,0.48287
-0.1443,0.024004,1.337,-0.053968,-0.89729,2.4332,0.51829,0.62682,0.13464,0.53023
0.0099589,-1.1124,-0.10539,0.0042543,0.070734,-0.42815,-0.98214,0.79706,-0.63725,1.8031
-0.14477,-1.1127,1.3375,-0.053991,-0.89767,0.98469,-0.85338,0.10544,-0.059143,0.36583
0.0096441,-1.1156,-0.10497,0.0042371,0.070447,-0.31393,-0.7353,0.1534,-1.9123,1.4465
-0.14599,0.020538,-0.10456,0.0042206,0.070174,1.1676,-0.30971,0.79977,-0.71174,-0.019461
0.0094276,-1.1205,1.344,-0.054251,-0.902,0.65097,-0.47871,1.6263,-0.88957,1.0151
0.0090484,-1.1219,1.3452,-0.054301,-0.90282,-0.93007,0.8083,0.078008,-0.24122,0.092747
-0.14668,0.018585,-0.10333,0.0041712,0.069352,0.051559,-0.7394,-0.74664,-1.8336,0.11093
-0.1472,-1.1232,1.3584,-0.054835,-0.9117,0.85181,-0.91975,0.089171,2.3296,0.054924
-0.14771,0.015989,1.3753,-0.055518,-0.92306,0.89597,-0.80192,-1.129,2.5194,-0.043228
0.0088946,0.015628,1.3769,-0.055579,-0.92407,-0.40059,1.6087,-0.36199,-0.33459,-1.294
-0.1483,0.013648,-0.10253,0.0041388,0.068813,2.8896,-0.3418,-1.1619,-1.2148,-0.13939
-0.14881,0.012348,1.3776,-0.05561,-0.92459,1.2716,1.4562,0.17801,0.7194,2.7718
-0.14888,0.011826,-0.10214,0.0041228,0.068548,0.33532,0.70297,-1.5428,-0.68948,2.5716
-0.14897,-1.1234,-0.10129,0.0040886,0.067979,-2.0958,-0.043132,1.1065,0.4487,-0.47566
-0.14934,-1.1256,-0.097398,0.0039316,0.065368,0.73429,0.52209,-2.4237,-1.749,0.72553
0.0088098,0.010813,1.3807,-0.055734,-0.92665,-0.42163,-1.7808,0.48632,-0.55746,1.0776
-0.15015,0.010341,-0.095189,0.0038424,0.063886,0.79031,-0.32851,0.17136,0.01862,1.4281
-0.15138,-1.1305,-0.092924,0.003751,0.062365,0.40473,-0.22244,-0.11604,-0.59746,0.74597
-0.15343,0.0095373,1.3816,-0.055768,-0.92723,0.073516,0.037213,0.5483,0.02654,-1.1849
-0.15356,-1.1459,1.3854,-0.055924,-0.92982,1.0634,-0.16948,2.0052,-0.030238,0.16481
0.0087482,-1.1521,-0.092451,0.0037319,0.062048,-0.35468,-0.20656,-0.50836,1.2368,0.57405
-0.15428,-1.1641,-0.091824,0.0037066,0.061627,0.0041193,0.48263,1.513,0.41401,-0.2427
-0.15473,-1.1646,-0.088905,0.0035888,0.059668,0.67462,1.0318,-1.2172,0.39082,-0.023718
-0.15493,0.0086976,-0.086029,0.0034727,0.057738,0.81333,-1.3861,-0.42539,-0.16086,-1.1555
-0.15589,0.0076819,-0.085745,0.0034612,0.057547,0.092046,0.54975,2.0167,-0.20057,0.308
-0.15696,-1.17,-0.08199,0.0033096,0.055027,-0.66723,-0.70685,-1.0505,1.0584,0.62884
-0.1577,0.0055609,-0.081968,0.0033088,0.055013,-0.26653,-1.0414,0.37877,-0.61135,0.71733
0.0086548,-1.17,-0.077583,0.0031317,0.05207,-0.30921,0.94376,-0.82656,0.74524,-1.0676
0.0086545,0.0053794,1.3952,-0.056319,-0.93639,-0.87996,-0.28456,-2.1168,-0.74544,0.36352
-0.15772,-1.174,-0.077039,0.0031098,0.051704,-1.6047,1.522,0.91399,1.46,-0.21251
0.0084707,-1.1837,-0.076999,0.0031082,0.051678,-0.26002,-0.72782,-0.67701,-0.29351,0.46017
-0.15906,-1.1874,1.4333,-0.057856,-0.96193,-0.58343,-0.12668,0.18161,1.0434,1.5145
0.0084477,-0.001605,-0.07424,0.0029968,0.049826,-0.13339,0.77632,-1.5462,1.4378,-0.7248
0.0084129,-0.0048638,1.4353,-0.057938,-0.96329,0.32025,1.5247,-0.23385,-1.1348,0.49704
0.0083992,-1.1879,1.4401,-0.058131,-0.9665,0.62191,-1.7551,1.3903,-0.10578,-0.15467
0.0083809,-0.011483,-0.073468,0.0029657,0.049308,-0.081727,0.89421,0.46308,-1.1866,0.38644
-0.15926,-1.2105,1.4412,-0.058176,-0.96725,-1.3219,-0.28121,-0.35966,0.43513,-0.69432
0.0082432,-1.2133,1.4421,-0.058211,-0.96784,-0.42756,0.29076,-0.33436,-0.00020976,-0.067018
-0.16086,-0.014175,-0.073463,0.0029654,0.049304,0.55394,1.0091,0.51635,1.2513,-1.1828
0.0082425,-0.015835,1.4459,-0.058367,-0.97042,0.34553,-0.12102,0.57744,-0.4333,1.4731
-0.16089,-0.016523,1.4749,-0.059537,-0.98989,0.92381,-0.12299,-1.9819,-0.091762,1.8748
-0.16213,-1.2147,-0.070917,0.0028627,0.047596,1.2259,0.70657,1.581,1.7347,-0.44786
0.0082105,-1.2155,1.4753,-0.059552,-0.99013,0.066341,-0.48943,-0.63652,-2.5575,0.77642
0.0081541,-0.021121,-0.068609,0.0027695,0.046047,1.2705,1.0723,-0.22392,-0.76658,0.92798
-0.16407,-1.225,-0.068344,0.0027588,0.045869,0.011547,0.65565,-0.69694,-0.097639,0.48472
-0.16455,-1.2546,-0.065956,0.0026624,0.044266,-0.13845,-0.92632,0.87672,3.3624,-0.83371
-0.16548,-1.2947,-0.065479,0.0026432,0.043946,0.30797,-0.7668,0.072221,0.70023,-1.0295
0.0081245,-1.2967,-0.065408,0.0026403,0.043898,2.3963,-0.6757,0.40897,0.071665,-0.25842
-0.16639,-0.02289,-0.064221,0.0025924,0.043101,1.5675,0.2358,-0.62042,0.65518,-1.0574
-0.16777,-1.3005,1.5014,-0.060605,-1.0076,0.64442,-0.57224,0.58824,-0.69638,0.70726
-0.17181,-1.308,-0.063178,0.0025503,0.042402,0.79661,0.04009,-0.43143,-0.73421,1.2414
0.0080099,-1.3264,-0.060271,0.0024329,0.040451,0.60671,-0.99052,-0.23879,1.2503,0.063643
-0.17196,-1.3266,1.5181,-0.061282,-1.0189,1.6263,-1.0878,-0.2487,1.5807,-0.076422
-0.17558,-1.3364,-0.059556,0.002404,0.03997,0.41214,-0.71592,-1.1573,1.0525,-0.10261
-0.17632,-1.3681,1.5205,-0.061377,-1.0205,0.49741,0.3548,-1.4961,-0.53531,0.63509
0.0077037,-0.023279,1.532,-0.061842,-1.0282,2.3448,0.093372,0.022125,-0.8059,0.11727
0.0075013,-0.024972,-0.05877,0.0023723,0.039443,-1.5749,-0.82564,1.6096,-0.58835,1.177
-0.17661,-1.3928,-0.056525,0.0022817,0.037936,-0.43985,-0.62985,-0.53262,-0.19077,-1.7091
-0.17753,-0.0271,-0.05602,0.0022613,0.037597,-0.74787,0.22394,-0.028095,1.6414,1.2472
0.007373,-1.3994,1.5335,-0.061902,-1.0292,0.49386,-0.40652,-0.17509,0.15533,0.075036
-0.18102,-1.4338,1.5456,-0.06239,-1.0373,-0.85434,-0.52763,-0.9084,-0.87192,-0.42762
-0.18155,-1.4364,-0.055975,0.0022595,0.037567,1.8787,-0.27456,0.16886,1.364,0.91552
0.0067755,-0.028869,1.6495,-0.066583,-1.107,-1.3307,0.080329,-0.8942,0.12831,-2.5027
0.0064892,-1.4703,-0.054551,0.002202,0.036612,-2.0754,-1.0307,1.2361,1.1091,-0.061878
0.006414,-1.4753,-0.052515,0.0021198,0.035245,0.32717,0.19885,-2.5343,0.87201,0.92154
-0.18248,-0.030446,1.6543,-0.066779,-1.1103,-0.70236,1.0007,-0.82963,-0.6256,-0.1896
-0.18397,-1.4967,1.6635,-0.06715,-1.1165,-1.1272,0.3584,2.4649,2.307,0.49682
-0.18495,-1.5263,1.6656,-0.067232,-1.1178,0.24886,0.15266,-1.1504,0.6239,-2.2808
0.0062312,-0.031012,1.6734,-0.067551,-1.1231,0.32733,2.0264,-1.1732,0.30855,-0.48821
-0.18639,-1.5267,1.6772,-0.067701,-1.1256,-0.23776,-0.336,-0.32914,0.7699,-0.11461
0.0059938,-0.031254,-0.050977,0.0020577,0.034213,0.89876,-0.57045,1.0536,-0.47749,0.22163
-0.18985,-0.031321,-0.050747,0.0020485,0.034059,0.035132,0.82216,-0.09716,0.015413,-0.080562
0.0058778,-0.034159,1.6871,-0.068104,-1.1323,-0.77515,-0.32507,-0.74866,0.63885,-1.3705
-0.19102,-1.5565,-0.048981,0.0019772,0.032874,0.22174,1.596,-1.0804,-1.828,0.50007
-0.19952,-0.034297,1.7269,-0.069709,-1.159,-0.28924,1.437,-0.69013,-0.0067561,1.4013
-0.20205,-1.5684,-0.045663,0.0018432,0.030647,-1.6724,1.0075,-1.1773,-1.0302,0.45274
0.0050608,-1.5783,1.735,-0.070037,-1.1645,-2.0088,0.57676,0.12608,-0.93056,-0.26463
-0.2045,-1.5976,1.7538,-0.070793,-1.177,-0.31615,-0.25163,-0.67402,-0.96855,0.6083
-0.20622,-1.6715,-0.045354,0.0018308,0.030439,-0.45275,-0.19072,1.2338,0.93114,0.33554
-0.21311,-0.039527,-0.043866,0.0017707,0.029441,0.39534,-0.27307,0.6486,0.44128,-0.5668
0.0045612,-0.039836,1.7615,-0.071104,-1.1822,1.0268,-0.062322,1.2389,-0.017377,-0.45588
-0.21411,-0.042789,-0.042527,0.0017167,0.028542,-0.54103,-0.1244,-0.54047,0.055885,0.028414
0.0042478,-0.042863,1.8244,-0.073645,-1.2244,0.76019,0.47144,-0.76717,-0.97633,0.10527
0.0040079,-0.044006,-0.037247,0.0015035,0.024998,0.58533,0.91376,0.26217,0.25151,0.77715
-0.21912,-1.679,-0.034782,0.001404,0.023343,1.1787,-0.67466,-0.11231,0.040531,-0.62558
0.003612,-0.045285,-0.029705,0.0011991,0.019936,-1.135,1.0301,1.0491,0.15714,-0.81696
0.0035418,-1.6835,-0.026005,0.0010497,0.017453,0.32271,0.14549,1.9285,0.45281,-0.26136
-0.22539,-0.050614,-0.025853,0.0010436,0.017351,-0.41709,0.84988,-0.368,0.1392,-1.3084
-0.23017,-1.69,-0.024687,0.00099652,0.016569,-0.41537,-0.366,-0.73462,1.1811,-1.2281
-0.23933,-1.6953,1.8856,-0.076116,-1.2655,0.48385,-1.0012,-0.056725,-0.48639,-2.3054
-0.2495,-0.051365,-0.022063,0.00089062,0.014808,0.61911,-0.31617,-0.14291,0.1995,2.2969
-0.2526,-1.7003,-0.021202,0.00085586,0.01423,-0.065226,0.24778,-0.2808,0.49277,-0.28599
0.0034038,-1.7085,-0.020822,0.00084049,0.013974,0.39467,0.053193,1.3282,-0.97745,0.066946
-0.25465,-1.8243,1.8984,-0.076631,-1.2741,1.9045,0.46841,-0.019607,-0.78915,0.25474
-0.2636,-0.05427,-0.020513,0.00082805,0.013767,-1.0628,0.36727,-0.52884,-0.062798,0.57481
0.0028579,-1.8714,-0.018145,0.00073243,0.012178,1.158,-0.30899,-0.18653,-0.126,0.13761
0.0027205,-0.061295,-0.017279,0.00069748,0.011597,-1.7016,-0.49611,0.4785,2.2396,-0.48346
-0.26372,-1.9975,-0.015504,0.00062583,0.010405,-0.31778,-0.17532,2.4112,0.32705,-2.1305
-0.27617,-2.1208,1.9366,-0.078175,-1.2998,-0.22407,0.70307,1.3916,-2.6252,0.79907
-0.30452,-0.064393,2.1088,-0.085124,-1.4153,-0.072882,1.2851,0.93364,-1.0388,-0.54046
